air_temp,skin_temp,calories,gsr,heart_rate,steps,posture_score
80.6 , 84.4 , 1.4 , 0.00115 , 62 , 0
80.6 , 84.4 , 1.8 , 0.00121 , 58 , 0
80.3 , 84.4 , 1.8 , 0.00121 , 73 , 0
80.2 , 84.5 , 1.8 , 0.00128 , 72 , 0
80.2 , 84.4 , 1.3 , 0.00122 , 63 , 0
80.2 , 84.4 , 1.7 , 0.00128 , 60 , 0
80.2 , 84.4 , 1.6 , 0.00136 , 58 , 0
80.2 , 84.4 , 1.9 , 0.00137 , 64 , 0
80.2 , 84.4 , 1.8 , 0.00144 , 61 , 0
80.2 , 84.5 , 1.8 , 0.00145 , 60 , 0
79.8 , 84.5 , 1.6 , 0.00144 , 60 , 0
79.7 , 84.4 , 1.6 , 0.00157 , 58 , 0
79.4 , 84.3 , 1.9 , 0.0016 , 56 , 0
79.2 , 84.4 , 1.8 , 0.00169 , 58 , 0
79.2 , 84.4 , 1.9 , 0.00172 , 59 , 0
79.2 , 84.4 , 1.8 , 0.00171 , 61 , 0
79.2 , 84.4 , 1.5 , 0.0017 , 59 , 0
79.2 , 84.3 , 1.7 , 0.0017 , 57 , 0
79.2 , 84.2 , 1.7 , 0.0019 , 59 , 0
79.2 , 84.2 , 1.7 , 0.00182 , 60 , 0
79.2 , 84.2 , 1.9 , 0.00173 , 57 , 0
78.9 , 84.2 , 1.3 , 0.000798 , 56 , 0
78.8 , 84.1 , 1.8 , 0.00117 , 56 , 0
78.8 , 83.9 , 1.4 , 0.00127 , 53 , 0
78.8 , 83.8 , 1.6 , 0.00135 , 58 , 0
79.1 , 83.8 , 1.7 , 0.00158 , 62 , 0
78.9 , 83.7 , 1.5 , 0.00167 , 73 , 0
78.8 , 83.5 , 1.5 , 0.00167 , 66 , 0
78.8 , 83.5 , 1.8 , 0.0016 , 56 , 0
79.1 , 83.7 , 1.7 , 0.00176 , 62 , 0
79.2 , 83.8 , 1.7 , 0.0017 , 66 , 0
79.2 , 83.9 , 1.5 , 0.00193 , 62 , 0
79.2 , 83.8 , 1.1 , 0.00215 , 61 , 0
79.6 , 83.8 , 1.3 , 0.00216 , 59 , 0
79.7 , 83.9 , 1.5 , 0.00216 , 62 , 0
79.7 , 83.9 , 1.6 , 0.00225 , 62 , 0
79.7 , 84.1 , 1.5 , 0.00211 , 60 , 0
79.7 , 84.0 , 1.4 , 0.0023 , 60 , 0
79.7 , 84.0 , 1.4 , 0.00241 , 60 , 0
79.7 , 84.1 , 1.7 , 0.00235 , 59 , 0
79.7 , 84.1 , 1.4 , 0.00254 , 60 , 0
79.7 , 84.0 , 1.2 , 0.00229 , 62 , 0
79.7 , 84.0 , 1.4 , 0.00223 , 58 , 0
79.7 , 83.9 , 1.6 , 0.00246 , 64 , 0
79.7 , 84.1 , 2.0 , 0.00229 , 58 , 0
79.7 , 84.5 , 1.6 , 0.000938 , 59 , 0
79.7 , 84.3 , 2.2 , 0.000917 , 56 , 0
79.7 , 84.2 , 2.7 , 0.000876 , -10 , 11
79.4 , 84.2 , 2.2 , 0.00075 , -10 , 0
79.9 , 84.0 , 1.4 , 0.000889 , 56 , 0
80.8 , 84.2 , 1.5 , 0.000885 , 53 , 0
81.7 , 84.2 , 1.5 , 0.000816 , 54 , 0
82.6 , 84.3 , 1.2 , 0.00101 , 53 , 0
83.2 , 84.6 , 1.7 , 0.0011 , 47 , 0
83.6 , 84.9 , 1.6 , 0.00121 , 52 , 0
84.1 , 84.9 , 1.2 , 0.000977 , 59 , 0
84.2 , 84.9 , 1.1 , 0.000979 , 50 , 0
84.5 , 84.9 , 1.3 , 0.000985 , 50 , 0
84.7 , 84.9 , 1.2 , 0.000996 , 53 , 0
84.7 , 84.9 , 1.1 , 0.00141 , 50 , 0
85.0 , 85.1 , 2.1 , 0.000943 , 51 , 0
84.2 , 85.3 , 1.7 , 0.000742 , 65 , 0
83.4 , 85.5 , 1.1 , 0.000774 , 57 , 0
83.6 , 85.7 , 1.1 , 0.000748 , 52 , 0
83.8 , 86.1 , 1.1 , 0.000773 , 51 , 0
84.1 , 86.4 , 1.0 , 0.0008 , 47 , 0
84.5 , 86.6 , 1.1 , 0.000801 , 48 , 0
85.0 , 86.9 , 1.1 , 0.000822 , 48 , 0
85.1 , 87.1 , 1.0 , 0.000801 , 52 , 0
85.4 , 87.3 , 1.1 , 0.00084 , 51 , 0
85.6 , 87.5 , 1.0 , 0.000817 , 52 , 0
85.6 , 87.6 , 1.1 , 0.000871 , 52 , 0
85.9 , 87.8 , 1.0 , 0.00087 , 53 , 0
86.0 , 88.0 , 1.1 , 0.00093 , 54 , 0
86.0 , 88.2 , 1.2 , 0.00088 , 52 , 0
86.0 , 88.2 , 1.0 , 0.000806 , 52 , 0
86.0 , 88.2 , 0.9 , 0.000863 , 52 , 0
85.7 , 88.0 , 1.0 , 0.000855 , 52 , 0
85.2 , 88.0 , 1.0 , 0.000857 , 53 , 0
85.1 , 88.0 , 0.9 , 0.000853 , 53 , 0
84.8 , 88.0 , 1.0 , 0.000894 , 53 , 0
84.3 , 88.0 , 1.0 , 0.000891 , 53 , 0
84.2 , 88.0 , 0.9 , 0.000901 , 53 , 0
84.2 , 87.9 , 1.6 , 0.000915 , 53 , 0
84.2 , 87.8 , 1.0 , 0.000871 , 49 , 0
84.5 , 87.8 , 1.1 , 0.000874 , 49 , 0
85.0 , 88.0 , 1.1 , 0.000884 , 50 , 0
85.1 , 88.2 , 1.0 , 0.000902 , 50 , 0
85.4 , 88.5 , 1.1 , 0.000924 , 49 , 0
85.9 , 88.7 , 1.0 , 0.000932 , 50 , 0
86.0 , 88.9 , 0.9 , 0.00101 , 51 , 0
86.3 , 89.2 , 1.1 , 0.000958 , 51 , 0
86.5 , 89.5 , 1.2 , 0.00103 , 50 , 0
86.8 , 89.4 , 1.4 , 0.000788 , 51 , 0
86.9 , 89.5 , 1.1 , 0.000802 , 50 , 0
86.9 , 89.6 , 1.0 , 0.000856 , 48 , 0
87.2 , 89.8 , 1.1 , 0.000846 , 50 , 0
87.3 , 89.9 , 1.1 , 0.000823 , 52 , 0
87.3 , 90.0 , 1.0 , 0.000832 , 51 , 0
87.7 , 90.3 , 1.1 , 0.00086 , 53 , 0
87.8 , 90.4 , 1.0 , 0.000865 , 53 , 0
87.8 , 90.7 , 1.2 , 0.000841 , 53 , 0
88.1 , 91.1 , 1.1 , 0.000826 , 52 , 0
88.6 , 91.4 , 1.1 , 0.00085 , 52 , 0
88.7 , 91.5 , 1.1 , 0.000833 , 53 , 0
89.0 , 91.7 , 1.0 , 0.00086 , 53 , 0
89.2 , 91.9 , 1.1 , 0.000894 , 54 , 0
89.5 , 92.1 , 1.1 , 0.000918 , 53 , 0
89.6 , 92.3 , 1.1 , 0.000898 , 53 , 0
89.9 , 92.4 , 1.0 , 0.00094 , 54 , 0
90.1 , 92.6 , 1.1 , 0.000934 , 55 , 0
90.4 , 92.8 , 1.1 , 0.000964 , 56 , 0
90.5 , 92.9 , 1.0 , 0.000974 , 55 , 0
90.5 , 93.1 , 1.1 , 0.00102 , 53 , 0
90.8 , 93.2 , 1.1 , 0.00104 , 55 , 0
91.0 , 93.3 , 1.0 , 0.00101 , 55 , 0
91.3 , 93.4 , 1.1 , 0.00114 , 55 , 0
91.4 , 93.6 , 1.1 , 0.00106 , 55 , 0
91.4 , 93.6 , 1.1 , 0.00111 , 54 , 0
91.4 , 93.7 , 1.0 , 0.00119 , 54 , 0
91.7 , 93.9 , 1.1 , 0.00117 , 55 , 0
91.8 , 93.9 , 1.1 , 0.00119 , 55 , 0
91.8 , 93.9 , 1.3 , 0.00158 , 65 , 0
91.2 , 94.1 , 1.0 , 0.00187 , 48 , 0
90.6 , 93.8 , 1.3 , 0.00187 , 48 , 0
90.2 , 93.3 , 1.4 , 0.00193 , 52 , 0
89.7 , 93.1 , 1.1 , 0.00208 , 48 , 0
89.0 , 92.8 , 1.2 , 0.00211 , 45 , 0
88.4 , 92.4 , 1.0 , 0.0021 , 46 , 0
87.9 , 92.1 , 1.1 , 0.00215 , 45 , 0
87.8 , 91.8 , 1.1 , 0.0021 , 45 , 0
87.5 , 91.6 , 1.1 , 0.00203 , 45 , 0
87.0 , 91.3 , 1.0 , 0.00197 , 45 , 0
86.9 , 91.0 , 1.1 , 0.00202 , 46 , 0
86.6 , 90.9 , 1.1 , 0.00203 , 46 , 0
86.5 , 90.7 , 1.1 , 0.002 , 48 , 0
86.1 , 90.6 , 1.1 , 0.00198 , 47 , 0
86.0 , 90.5 , 1.1 , 0.00197 , 49 , 0
85.7 , 90.4 , 1.1 , 0.00189 , 49 , 0
85.6 , 90.3 , 1.1 , 0.0019 , 50 , 0
85.6 , 90.8 , 1.3 , 0.00265 , 46 , 0
85.2 , 91.1 , 1.1 , 0.0029 , 45 , 0
85.1 , 91.0 , 1.1 , 0.0029 , 47 , 0
85.1 , 91.0 , 1.1 , 0.00318 , 50 , 0
84.8 , 91.0 , 1.1 , 0.00336 , 47 , 0
84.7 , 90.9 , 1.1 , 0.00357 , 47 , 0
84.7 , 90.7 , 1.1 , 0.0039 , 51 , 0
84.7 , 90.7 , 1.1 , 0.00407 , 47 , 0
84.7 , 90.5 , 1.4 , 0.00299 , 50 , 0
84.7 , 90.0 , 1.1 , 0.00156 , 48 , 0
84.3 , 90.0 , 1.1 , 0.00162 , 49 , 0
84.2 , 89.8 , 1.1 , 0.00165 , 52 , 0
84.2 , 89.8 , 1.1 , 0.00175 , 47 , 0
84.2 , 89.7 , 1.2 , 0.00176 , 48 , 0
84.2 , 89.7 , 1.6 , 0.00171 , 49 , 0
84.2 , 90.0 , 1.0 , 0.00174 , 51 , 0
84.5 , 90.0 , 1.4 , 0.00186 , 45 , 0
85.0 , 90.1 , 1.3 , 0.0022 , 53 , 0
85.1 , 90.3 , 1.0 , 0.00213 , 51 , 0
85.1 , 90.3 , 1.0 , 0.00212 , 49 , 0
85.1 , 90.3 , 1.1 , 0.00227 , 49 , 0
85.1 , 90.3 , 1.0 , 0.00228 , 47 , 0
85.4 , 90.3 , 1.0 , 0.0023 , 48 , 0
85.6 , 90.3 , 1.1 , 0.00236 , 47 , 0
85.6 , 90.4 , 1.0 , 0.00241 , 48 , 0
85.6 , 90.3 , 1.3 , 0.0106 , 49 , 0
85.9 , 90.4 , 1.1 , 0.0188 , 48 , 0
86.3 , 90.5 , 1.0 , 0.0184 , 48 , 0
86.8 , 90.5 , 0.9 , 0.0199 , 50 , 0
86.9 , 90.5 , 1.0 , 0.0219 , 50 , 0
87.2 , 90.5 , 0.9 , 0.0252 , 50 , 0
87.3 , 90.7 , 0.9 , 0.0265 , 51 , 0
87.7 , 90.7 , 1.0 , 0.0302 , 51 , 0
87.8 , 90.7 , 1.1 , 0.0331 , 51 , 0
88.1 , 90.9 , 1.0 , 0.0359 , 51 , 0
88.2 , 91.0 , 1.1 , 0.0387 , 51 , 0
88.6 , 91.0 , 1.0 , 0.0421 , 52 , 0
88.7 , 91.2 , 1.1 , 0.0458 , 52 , 0
88.7 , 91.2 , 1.0 , 0.0486 , 52 , 0
89.0 , 91.3 , 1.1 , 0.052 , 52 , 0
89.2 , 91.4 , 1.1 , 0.0561 , 51 , 0
89.2 , 91.4 , 1.4 , 0.0632 , 49 , 0
89.2 , 91.4 , 1.1 , 0.0587 , 48 , 0
89.5 , 91.4 , 1.0 , 0.0596 , 49 , 0
89.6 , 91.5 , 1.1 , 0.0602 , 49 , 0
89.6 , 91.6 , 1.0 , 0.0613 , 49 , 0
89.6 , 91.6 , 1.1 , 0.0644 , 50 , 0
89.9 , 91.9 , 1.1 , 0.0652 , 52 , 0
90.1 , 91.9 , 1.1 , 0.067 , 51 , 0
90.1 , 92.0 , 1.0 , 0.0723 , 51 , 0
90.1 , 92.1 , 1.1 , 0.0751 , 51 , 0
90.4 , 92.3 , 1.1 , 0.0772 , 51 , 0
90.5 , 92.3 , 1.0 , 0.0771 , 50 , 0
90.5 , 92.3 , 1.1 , 0.0816 , 50 , 0
90.5 , 92.5 , 1.1 , 0.086 , 52 , 0
90.5 , 92.5 , 1.1 , 0.0883 , 50 , 0
90.8 , 92.6 , 1.0 , 0.0904 , 52 , 0
91.0 , 92.8 , 1.1 , 0.0904 , 51 , 0
91.0 , 92.8 , 1.1 , 0.0971 , 52 , 0
91.0 , 92.8 , 1.0 , 0.1 , 52 , 0
91.0 , 93.0 , 1.1 , 0.104 , 52 , 0
91.0 , 93.0 , 1.1 , 0.109 , 53 , 0
91.0 , 93.0 , 1.1 , 0.113 , 52 , 0
91.0 , 93.1 , 1.0 , 0.115 , 52 , 0
91.0 , 93.2 , 1.1 , 0.12 , 52 , 0
91.3 , 93.2 , 1.1 , 0.122 , 52 , 0
91.4 , 93.2 , 1.0 , 0.127 , 52 , 0
91.4 , 93.2 , 1.1 , 0.133 , 52 , 0
91.4 , 93.4 , 1.1 , 0.149 , 54 , 0
91.4 , 93.4 , 1.3 , 0.0606 , 50 , 0
90.8 , 93.4 , 1.1 , 0.00467 , 44 , 0
89.9 , 93.4 , 1.1 , 0.00493 , 44 , 0
89.3 , 93.2 , 1.0 , 0.00502 , 43 , 0
88.8 , 93.0 , 1.0 , 0.00517 , 43 , 0
88.7 , 92.8 , 1.1 , 0.00525 , 46 , 0
88.4 , 92.6 , 1.0 , 0.00533 , 45 , 0
88.2 , 92.5 , 1.1 , 0.00557 , 45 , 0
87.9 , 92.3 , 1.0 , 0.0056 , 46 , 0
87.8 , 92.1 , 1.3 , 0.00479 , 46 , 0
87.5 , 91.8 , 1.1 , 0.00538 , 46 , 0
87.0 , 91.5 , 1.1 , 0.00536 , 44 , 0
86.6 , 91.3 , 1.1 , 0.00513 , 46 , 0
86.1 , 91.0 , 1.1 , 0.00525 , 45 , 0
85.7 , 90.8 , 1.0 , 0.00522 , 45 , 0
85.2 , 90.6 , 1.1 , 0.0051 , 44 , 0
85.1 , 90.4 , 1.1 , 0.00534 , 47 , 0
84.8 , 90.3 , 1.1 , 0.00508 , 47 , 0
84.7 , 90.1 , 1.2 , 0.00524 , 48 , 0
84.7 , 89.9 , 1.3 , 0.00552 , 53 , 0
84.3 , 89.6 , 1.0 , 0.00603 , 47 , 0
84.2 , 89.4 , 1.0 , 0.00597 , 49 , 0
84.2 , 89.3 , 1.1 , 0.00602 , 48 , 0
84.2 , 89.1 , 1.1 , 0.00596 , 49 , 0
84.2 , 89.1 , 1.1 , 0.0059 , 49 , 0
84.2 , 88.9 , 1.0 , 0.00601 , 50 , 0
84.2 , 88.9 , 1.2 , 0.00618 , 49 , 0
84.2 , 88.7 , 1.0 , 0.00687 , 49 , 0
83.9 , 88.6 , 1.1 , 0.00697 , 49 , 0
83.4 , 88.5 , 1.0 , 0.00686 , 47 , 0
83.3 , 88.5 , 1.0 , 0.00712 , 49 , 0
83.3 , 88.3 , 1.0 , 0.00724 , 48 , 0
83.3 , 88.2 , 1.4 , 0.00688 , 50 , 0
83.3 , 88.1 , 1.3 , 0.00704 , 52 , 0
83.3 , 87.8 , 1.2 , 0.00669 , 46 , 0
83.3 , 87.9 , 1.3 , 0.00637 , 50 , 0
83.0 , 88.1 , 1.0 , 0.00681 , 46 , 0
82.8 , 88.2 , 1.1 , 0.00692 , 48 , 0
82.8 , 88.2 , 0.8 , 0.0072 , 47 , 0
82.8 , 88.2 , 1.0 , 0.00766 , 47 , 0
82.8 , 88.2 , 1.1 , 0.00792 , 46 , 0
82.8 , 88.2 , 1.0 , 0.00811 , 47 , 0
82.5 , 88.2 , 1.0 , 0.00871 , 47 , 0
82.4 , 88.2 , 1.0 , 0.00891 , 47 , 0
82.4 , 88.2 , 1.1 , 0.00963 , 47 , 0
82.4 , 88.2 , 1.0 , 0.00966 , 47 , 0
82.4 , 88.2 , 1.1 , 0.0109 , 47 , 0
82.4 , 88.2 , 1.1 , 0.0115 , 46 , 0
82.4 , 88.2 , 1.0 , 0.0128 , 46 , 0
82.4 , 88.2 , 1.1 , 0.0128 , 47 , 0
82.4 , 88.2 , 1.1 , 0.0147 , 47 , 0
82.4 , 88.2 , 1.0 , 0.0167 , 47 , 0
82.4 , 88.2 , 1.1 , 0.0195 , 47 , 0
82.4 , 88.2 , 1.1 , 0.0234 , 46 , 0
82.7 , 88.2 , 1.0 , 0.0358 , 47 , 0
82.8 , 88.2 , 1.1 , 0.0437 , 46 , 0
82.8 , 88.2 , 1.1 , 0.0487 , 47 , 0
82.8 , 88.2 , 1.0 , 0.0599 , 46 , 0
82.8 , 88.2 , 1.1 , 0.0733 , 47 , 0
82.8 , 88.2 , 1.0 , 0.0929 , 46 , 0
82.8 , 88.3 , 1.1 , 0.116 , 48 , 0
82.8 , 88.3 , 1.1 , 0.146 , 47 , 0
82.8 , 88.4 , 1.0 , 0.198 , 47 , 0
82.8 , 88.4 , 1.1 , 0.253 , 47 , 0
82.8 , 88.5 , 1.1 , 0.31 , 47 , 0
82.8 , 88.5 , 1.0 , 0.378 , 48 , 0
82.8 , 88.5 , 1.1 , 0.534 , 48 , 0
82.8 , 88.5 , 1.1 , 0.709 , 48 , 0
82.8 , 88.5 , 1.0 , 0.869 , 48 , 0
82.8 , 88.5 , 1.1 , 1.05 , 49 , 0
82.8 , 88.5 , 1.0 , 1.27 , 47 , 0
82.8 , 88.5 , 1.1 , 1.52 , 48 , 0
82.8 , 88.5 , 1.1 , 1.59 , 48 , 0
82.8 , 88.5 , 1.0 , 1.8 , 49 , 0
82.8 , 88.5 , 1.1 , 1.97 , 49 , 0
82.8 , 88.5 , 1.1 , 2.18 , 47 , 0
82.8 , 88.5 , 1.0 , 2.43 , 47 , 0
82.8 , 88.5 , 1.1 , 2.61 , 48 , 0
82.8 , 88.5 , 1.1 , 2.75 , 49 , 0
82.8 , 88.5 , 1.0 , 2.9 , 48 , 0
82.8 , 88.5 , 1.1 , 3.22 , 47 , 0
82.8 , 88.5 , 1.1 , 3.39 , 47 , 0
82.8 , 88.5 , 1.0 , 3.59 , 47 , 0
82.8 , 88.5 , 1.1 , 3.71 , 47 , 0
82.8 , 88.5 , 1.1 , 3.86 , 47 , 0
82.8 , 88.5 , 1.0 , 3.95 , 47 , 0
82.8 , 88.5 , 1.1 , 4.07 , 47 , 0
82.8 , 88.5 , 1.1 , 4.2 , 47 , 0
82.8 , 88.5 , 1.0 , 4.43 , 47 , 0
82.8 , 88.5 , 0.9 , 4.73 , 47 , 0
82.8 , 88.5 , 1.0 , 4.91 , 48 , 0
82.8 , 88.5 , 0.9 , 4.94 , 47 , 0
82.8 , 88.5 , 0.9 , 5.06 , 47 , 0
82.8 , 88.5 , 1.4 , 5.51 , 48 , 0
82.8 , 88.5 , 1.1 , 5.55 , 40 , 0
82.8 , 88.5 , 1.1 , 5.24 , 42 , 0
82.8 , 88.5 , 1.1 , 4.96 , 42 , 0
82.8 , 88.5 , 1.1 , 4.75 , 43 , 0
83.2 , 88.5 , 1.0 , 4.55 , 46 , 0
83.3 , 88.5 , 1.3 , 4.79 , 45 , 0
83.6 , 88.7 , 1.0 , 7.24 , 45 , 0
84.4 , 88.9 , 1.1 , 6.88 , 46 , 0
85.0 , 89.1 , 1.0 , 6.54 , 45 , 0
85.7 , 89.2 , 1.1 , 6.18 , 46 , 0
86.3 , 89.4 , 1.2 , 5.69 , 49 , 0
86.5 , 89.6 , 1.1 , 5.23 , 50 , 0
86.5 , 89.8 , 1.1 , 5.03 , 44 , 0
86.1 , 89.8 , 1.1 , 4.67 , 48 , 0
86.0 , 89.8 , 1.0 , 4.54 , 45 , 0
86.0 , 89.9 , 1.1 , 4.37 , 47 , 0
86.0 , 89.9 , 1.0 , 4.2 , 45 , 0
86.0 , 89.8 , 1.1 , 4.12 , 50 , 0
86.0 , 89.8 , 1.0 , 3.91 , 46 , 0
86.0 , 89.8 , 1.1 , 3.81 , 48 , 0
86.0 , 89.8 , 1.0 , 3.66 , 48 , 0
86.0 , 89.8 , 1.0 , 3.57 , 48 , 0
86.0 , 89.8 , 1.2 , 3.25 , 48 , 0
85.7 , 89.8 , 1.0 , 2.76 , 55 , 0
85.6 , 89.7 , 1.1 , 2.61 , 47 , 0
85.2 , 89.5 , 1.4 , 2.01 , 54 , 0
85.1 , 89.4 , 1.1 , 1.21 , 44 , 0
85.1 , 89.2 , 1.1 , 1.16 , 45 , 0
85.1 , 89.1 , 1.2 , 1.09 , 50 , 0
85.1 , 89.1 , 1.2 , 1.08 , 57 , 0
85.1 , 89.1 , 1.1 , 1.01 , 47 , 0
85.1 , 89.1 , 1.1 , 1.01 , 49 , 0
85.1 , 89.1 , 1.1 , 0.971 , 46 , 0
85.1 , 89.3 , 1.3 , 2.52 , 43 , 0
84.8 , 89.4 , 1.1 , 2.85 , 40 , 0
85.0 , 89.4 , 1.0 , 2.81 , 39 , 0
85.1 , 89.4 , 1.0 , 2.69 , 39 , 0
85.4 , 89.4 , 1.2 , 2.74 , 42 , 0
85.6 , 89.4 , 1.0 , 2.89 , 40 , 0
85.9 , 89.6 , 1.1 , 2.8 , 43 , 0
86.3 , 89.6 , 1.0 , 2.84 , 43 , 0
86.5 , 89.3 , 1.5 , 0.595 , 40 , 0
86.5 , 89.1 , 1.1 , 0.364 , 41 , 0
86.8 , 89.1 , 1.0 , 0.381 , 44 , 0
86.9 , 89.1 , 1.1 , 0.389 , 42 , 0
86.9 , 89.1 , 1.1 , 0.374 , 43 , 0
87.2 , 89.3 , 1.1 , 0.386 , 43 , 0
87.3 , 89.4 , 1.1 , 0.378 , 45 , 0
87.3 , 89.6 , 1.1 , 0.366 , 42 , 0
87.7 , 89.6 , 1.1 , 0.361 , 42 , 0
87.8 , 89.8 , 1.3 , 0.335 , 47 , 0
87.8 , 90.1 , 1.0 , 0.351 , 43 , 0
87.8 , 90.3 , 1.1 , 0.392 , 45 , 0
88.1 , 90.4 , 1.0 , 0.415 , 44 , 0
88.2 , 90.5 , 0.9 , 0.434 , 42 , 0
88.2 , 90.6 , 1.1 , 0.44 , 41 , 0
88.2 , 90.7 , 1.1 , 0.467 , 44 , 0
88.6 , 90.8 , 1.2 , 0.482 , 51 , 0
88.7 , 91.0 , 1.0 , 0.487 , 46 , 0
88.7 , 91.0 , 1.2 , 0.508 , 47 , 0
89.0 , 91.2 , 1.0 , 0.603 , 49 , 0
89.2 , 91.2 , 1.1 , 0.626 , 43 , 0
89.2 , 91.2 , 1.0 , 0.609 , 43 , 0
89.5 , 91.4 , 1.3 , 0.725 , 50 , 0
90.2 , 91.6 , 1.0 , 0.975 , 42 , 0
91.1 , 91.8 , 1.1 , 1.04 , 44 , 0
91.7 , 92.1 , 1.1 , 1.14 , 45 , 0
92.2 , 92.4 , 1.0 , 1.14 , 45 , 0
92.6 , 92.7 , 1.1 , 1.16 , 46 , 0
92.8 , 92.9 , 1.1 , 1.17 , 44 , 0
93.1 , 93.1 , 1.0 , 1.19 , 44 , 0
93.2 , 93.3 , 1.1 , 1.22 , 46 , 0
93.2 , 93.4 , 1.1 , 1.23 , 47 , 0
93.5 , 93.6 , 1.1 , 1.26 , 47 , 0
93.7 , 93.7 , 1.0 , 1.29 , 46 , 0
93.7 , 93.9 , 1.1 , 1.3 , 47 , 0
93.7 , 94.0 , 1.1 , 1.31 , 46 , 0
94.0 , 94.1 , 1.0 , 1.33 , 48 , 0
94.1 , 94.1 , 1.1 , 1.35 , 47 , 0
94.1 , 94.3 , 1.1 , 1.37 , 46 , 0
94.1 , 94.3 , 1.0 , 1.39 , 47 , 0
94.1 , 94.4 , 1.1 , 1.38 , 47 , 0
94.4 , 94.5 , 1.1 , 1.42 , 47 , 0
94.6 , 94.5 , 1.0 , 1.41 , 47 , 0
94.6 , 94.6 , 1.1 , 1.43 , 48 , 0
94.6 , 94.8 , 1.1 , 1.43 , 48 , 0
94.6 , 94.8 , 1.1 , 1.4 , 48 , 0
94.2 , 94.8 , 1.3 , 0.615 , 53 , 0
93.5 , 94.7 , 1.1 , 0.579 , 43 , 0
92.6 , 94.5 , 1.0 , 0.554 , 44 , 0
91.7 , 94.2 , 1.1 , 0.566 , 45 , 0
91.1 , 94.0 , 1.1 , 0.533 , 45 , 0
90.3 , 93.7 , 1.0 , 0.51 , 44 , 0
89.7 , 93.4 , 1.1 , 0.508 , 44 , 0
89.3 , 93.2 , 1.0 , 0.475 , 43 , 0
89.2 , 92.9 , 1.1 , 0.495 , 45 , 0
88.8 , 92.8 , 1.1 , 0.482 , 44 , 0
88.4 , 92.5 , 1.0 , 0.473 , 46 , 0
88.2 , 92.4 , 1.1 , 0.472 , 45 , 0
88.2 , 92.3 , 1.1 , 0.464 , 44 , 0
87.9 , 92.1 , 1.1 , 0.459 , 45 , 0
87.8 , 92.1 , 1.0 , 0.458 , 45 , 0
87.8 , 91.9 , 1.1 , 0.458 , 44 , 0
87.8 , 91.9 , 1.1 , 0.444 , 45 , 0
87.8 , 91.9 , 1.0 , 0.448 , 44 , 0
87.5 , 91.8 , 1.1 , 0.441 , 44 , 0
87.3 , 91.6 , 1.0 , 0.429 , 45 , 0
87.3 , 91.6 , 1.1 , 0.439 , 45 , 0
87.3 , 91.6 , 1.1 , 0.421 , 44 , 0
87.3 , 91.5 , 1.0 , 0.416 , 45 , 0
87.3 , 91.4 , 1.1 , 0.42 , 45 , 0
87.3 , 91.4 , 1.1 , 0.41 , 44 , 0
87.3 , 91.4 , 1.0 , 0.417 , 44 , 0
87.3 , 91.4 , 1.1 , 0.415 , 46 , 0
87.3 , 91.4 , 1.0 , 0.414 , 45 , 0
87.0 , 91.3 , 1.1 , 0.413 , 45 , 0
86.9 , 91.2 , 1.1 , 0.41 , 45 , 0
86.9 , 91.2 , 1.0 , 0.41 , 45 , 0
86.9 , 91.2 , 1.1 , 0.399 , 45 , 0
86.9 , 91.2 , 1.1 , 0.398 , 46 , 0
86.9 , 91.2 , 1.0 , 0.393 , 44 , 0
86.9 , 91.2 , 1.1 , 0.392 , 45 , 0
86.9 , 91.2 , 1.1 , 0.404 , 45 , 0
86.9 , 91.1 , 1.0 , 0.405 , 46 , 0
86.9 , 91.0 , 1.1 , 0.384 , 45 , 0
86.9 , 91.0 , 1.1 , 0.383 , 46 , 0
86.9 , 91.0 , 1.0 , 0.393 , 46 , 0
86.9 , 91.0 , 1.1 , 0.381 , 45 , 0
86.9 , 91.0 , 1.1 , 0.362 , 45 , 0
86.9 , 90.9 , 1.1 , 0.378 , 45 , 0
86.9 , 90.7 , 1.0 , 0.387 , 46 , 0
86.9 , 90.7 , 1.1 , 0.379 , 46 , 0
86.6 , 90.7 , 1.1 , 0.367 , 46 , 0
86.8 , 90.7 , 1.0 , 0.376 , 46 , 0
86.6 , 90.7 , 1.1 , 0.383 , 46 , 0
86.5 , 90.6 , 1.0 , 0.381 , 45 , 0
86.8 , 90.5 , 1.1 , 0.369 , 45 , 0
86.6 , 90.5 , 1.1 , 0.372 , 45 , 0
86.5 , 90.5 , 1.0 , 0.37 , 46 , 0
86.5 , 90.5 , 1.1 , 0.365 , 46 , 0
86.5 , 90.5 , 1.1 , 0.361 , 45 , 0
86.5 , 90.5 , 1.0 , 0.371 , 46 , 0
86.5 , 90.5 , 1.1 , 0.374 , 46 , 0
86.5 , 90.5 , 1.1 , 0.37 , 46 , 0
86.5 , 90.5 , 1.0 , 0.363 , 45 , 0
86.5 , 90.4 , 1.1 , 0.367 , 45 , 0
86.5 , 90.4 , 1.4 , 0.523 , 49 , 0
86.5 , 90.5 , 0.9 , 0.82 , 46 , 0
86.8 , 90.5 , 1.1 , 0.839 , 41 , 0
87.2 , 90.5 , 1.0 , 0.863 , 42 , 0
87.7 , 90.7 , 1.1 , 0.899 , 42 , 0
87.8 , 90.7 , 1.0 , 0.91 , 42 , 0
88.1 , 90.7 , 1.0 , 0.917 , 43 , 0
88.6 , 90.9 , 1.0 , 0.916 , 43 , 0
88.7 , 91.0 , 1.2 , 0.911 , 44 , 0
88.7 , 91.0 , 1.0 , 0.745 , 57 , 0
88.4 , 91.2 , 1.0 , 0.727 , 43 , 0
87.9 , 91.2 , 1.0 , 0.703 , 43 , 0
87.5 , 91.1 , 1.0 , 0.703 , 44 , 0
87.3 , 90.9 , 1.2 , 0.648 , 42 , 0
87.0 , 90.6 , 1.0 , 0.61 , 43 , 0
86.6 , 90.4 , 1.0 , 0.616 , 42 , 0
86.5 , 90.2 , 1.1 , 0.562 , 44 , 0
86.1 , 90.0 , 1.0 , 0.584 , 45 , 0
86.0 , 90.0 , 1.0 , 0.579 , 47 , 0
86.0 , 89.8 , 1.1 , 0.574 , 45 , 0
86.0 , 89.6 , 1.0 , 0.558 , 47 , 0
85.7 , 89.6 , 1.0 , 0.559 , 46 , 0
85.6 , 89.4 , 1.1 , 0.561 , 47 , 0
85.6 , 89.4 , 0.9 , 0.542 , 45 , 0
85.2 , 89.2 , 1.2 , 0.544 , 45 , 0
85.1 , 89.1 , 1.1 , 0.524 , 57 , 0
85.1 , 89.1 , 1.2 , 0.528 , 48 , 0
84.8 , 89.0 , 1.1 , 0.508 , 60 , 0
84.3 , 88.9 , 1.2 , 0.529 , 47 , 0
83.9 , 88.5 , 1.4 , 0.347 , 44 , 0
83.4 , 88.2 , 1.5 , 0.324 , 45 , 0
83.3 , 88.2 , 1.5 , 0.548 , -10 , 0
83.0 , 88.2 , 1.5 , 0.681 , 59 , 0
82.8 , 88.2 , 1.0 , 0.653 , 46 , 0
83.2 , 88.2 , 1.1 , 0.686 , 46 , 0
83.3 , 88.2 , 0.9 , 0.659 , 44 , 0
83.3 , 88.2 , 1.1 , 0.639 , 44 , 0
83.6 , 88.2 , 1.0 , 0.654 , 45 , 0
83.8 , 88.3 , 1.0 , 0.666 , 44 , 0
83.8 , 88.5 , 1.1 , 0.652 , 45 , 0
84.1 , 88.5 , 1.0 , 0.667 , 44 , 0
84.2 , 88.5 , 1.1 , 0.669 , 44 , 0
84.2 , 88.7 , 1.1 , 0.67 , 45 , 0
84.5 , 88.7 , 1.0 , 0.678 , 44 , 0
84.7 , 88.7 , 1.0 , 0.674 , 44 , 0
84.7 , 88.8 , 1.0 , 0.673 , 44 , 0
84.7 , 88.9 , 1.1 , 0.679 , 43 , 0
85.0 , 88.9 , 1.0 , 0.644 , 42 , 0
85.1 , 88.9 , 0.9 , 0.665 , 42 , 0
84.8 , 88.9 , 1.0 , 0.664 , 42 , 0
84.7 , 89.0 , 1.1 , 0.664 , 43 , 0
84.7 , 89.1 , 1.0 , 0.65 , 43 , 0
84.7 , 89.1 , 0.9 , 0.659 , 44 , 0
84.7 , 89.1 , 1.0 , 0.664 , 43 , 0
84.7 , 89.1 , 1.0 , 0.655 , 43 , 0
84.7 , 89.1 , 1.0 , 0.653 , 44 , 0
84.7 , 89.1 , 1.0 , 0.654 , 43 , 0
84.7 , 89.1 , 0.9 , 0.657 , 43 , 0
84.7 , 89.1 , 1.3 , 0.396 , 55 , 0
84.7 , 89.0 , 1.1 , 0.31 , 39 , 0
84.7 , 88.9 , 1.0 , 0.325 , 40 , 0
84.7 , 88.9 , 1.4 , 0.529 , 51 , 0
85.0 , 89.0 , 1.5 , 0.474 , 64 , 0
85.1 , 88.9 , 1.3 , 0.0678 , 56 , 0
85.1 , 88.9 , 1.1 , 0.11 , 44 , 0
85.4 , 88.9 , 0.9 , 0.127 , 42 , 0
85.9 , 88.9 , 0.9 , 0.138 , 41 , 0
86.0 , 89.0 , 1.1 , 0.173 , 41 , 0
86.0 , 89.1 , 1.0 , 0.188 , 41 , 0
86.3 , 89.2 , 1.1 , 0.195 , 41 , 0
86.5 , 89.4 , 1.1 , 0.196 , 42 , 0
86.5 , 89.4 , 1.0 , 0.19 , 42 , 0
86.5 , 89.6 , 1.2 , 0.19 , 43 , 0
86.5 , 89.6 , 1.1 , 0.165 , 48 , 0
86.8 , 89.8 , 1.1 , 0.348 , 41 , 0
86.9 , 90.0 , 1.1 , 0.481 , 39 , 0
87.2 , 90.3 , 1.1 , 0.476 , 40 , 0
87.7 , 90.4 , 1.0 , 0.475 , 42 , 0
88.1 , 90.6 , 1.1 , 0.477 , 42 , 0
88.2 , 90.7 , 1.0 , 0.472 , 44 , 0
88.6 , 90.8 , 1.0 , 0.466 , 42 , 0
88.7 , 91.0 , 1.4 , 0.418 , 45 , 0
88.4 , 91.0 , 1.4 , 0.49 , 42 , 0
88.2 , 91.0 , 1.0 , 0.383 , 51 , 0
88.2 , 91.0 , 1.2 , 0.569 , 44 , 0
88.6 , 91.0 , 1.0 , 0.602 , 44 , 0
89.0 , 91.2 , 0.9 , 0.619 , 46 , 0
89.2 , 91.2 , 1.0 , 0.603 , 46 , 0
89.5 , 91.3 , 1.1 , 0.613 , 47 , 0
89.9 , 91.4 , 1.0 , 0.612 , 47 , 0
90.1 , 91.5 , 1.2 , 0.615 , 45 , 0
90.1 , 91.5 , 1.2 , 0.393 , 57 , 0
90.1 , 91.6 , 1.0 , 0.4 , 43 , 0
90.1 , 91.6 , 1.1 , 0.405 , 45 , 0
90.1 , 91.6 , 1.1 , 0.396 , 45 , 0
90.1 , 91.6 , 1.0 , 0.391 , 46 , 0
90.1 , 91.6 , 1.1 , 0.386 , 47 , 0
90.1 , 91.6 , 1.0 , 0.382 , 47 , 0
90.1 , 91.6 , 1.1 , 0.385 , 49 , 0
90.1 , 91.6 , 1.1 , 0.371 , 41 , 0
90.1 , 91.6 , 1.1 , 0.374 , 42 , 0
90.1 , 91.6 , 1.0 , 0.372 , 43 , 0
90.1 , 91.6 , 1.1 , 0.381 , 44 , 0
90.1 , 91.6 , 1.1 , 0.392 , 44 , 0
90.1 , 91.7 , 1.4 , 0.294 , 48 , 0
89.1 , 91.8 , 1.0 , 0.351 , 40 , 0
88.4 , 91.5 , 1.4 , 0.207 , 41 , 0
87.9 , 91.2 , 1.1 , 0.253 , 42 , 0
87.5 , 91.0 , 1.0 , 0.283 , 43 , 0
87.0 , 90.8 , 1.0 , 0.324 , 42 , 0
86.6 , 90.6 , 1.0 , 0.341 , 42 , 0
86.5 , 90.4 , 1.1 , 0.338 , 42 , 0
86.5 , 90.3 , 1.1 , 0.388 , 42 , 0
86.5 , 90.3 , 1.0 , 0.394 , 42 , 0
86.5 , 90.1 , 1.1 , 0.386 , 43 , 0
86.5 , 90.0 , 1.1 , 0.399 , 42 , 0
86.5 , 90.0 , 1.0 , 0.491 , 41 , 0
86.1 , 90.0 , 1.1 , 0.561 , 43 , 0
85.7 , 90.0 , 1.0 , 0.568 , 43 , 0
85.6 , 89.8 , 1.1 , 0.545 , 44 , 0
85.2 , 89.8 , 1.0 , 0.536 , 44 , 0
84.8 , 89.7 , 1.0 , 0.549 , 44 , 0
84.7 , 89.6 , 1.1 , 0.542 , 42 , 0
84.3 , 89.5 , 1.0 , 0.552 , 42 , 0
84.2 , 89.3 , 1.4 , 0.321 , 43 , 0
84.5 , 88.9 , 1.1 , 0.204 , 40 , 0
85.0 , 89.1 , 1.0 , 0.212 , 42 , 0
85.4 , 89.1 , 1.1 , 0.218 , 41 , 0
85.9 , 89.3 , 1.1 , 0.23 , 43 , 0
86.3 , 89.4 , 1.1 , 0.201 , 41 , 0
86.5 , 89.6 , 1.0 , 0.22 , 42 , 0
86.8 , 89.7 , 1.1 , 0.224 , 42 , 0
87.2 , 89.9 , 1.1 , 0.235 , 42 , 0
87.3 , 90.0 , 1.0 , 0.234 , 43 , 0
87.7 , 90.2 , 1.1 , 0.234 , 42 , 0
87.8 , 90.3 , 1.1 , 0.236 , 43 , 0
88.1 , 90.5 , 1.0 , 0.239 , 41 , 0
88.2 , 90.6 , 1.1 , 0.237 , 43 , 0
88.2 , 90.7 , 1.1 , 0.239 , 44 , 0
88.6 , 90.8 , 1.1 , 0.253 , 42 , 0
88.7 , 91.0 , 1.0 , 0.25 , 44 , 0
88.7 , 91.0 , 1.1 , 0.254 , 44 , 0
88.7 , 91.2 , 1.1 , 0.25 , 44 , 0
89.0 , 91.2 , 1.0 , 0.254 , 44 , 0
89.2 , 91.2 , 1.1 , 0.252 , 46 , 0
89.2 , 91.4 , 1.1 , 0.252 , 46 , 0
89.2 , 91.4 , 1.0 , 0.251 , 46 , 0
89.2 , 91.5 , 1.1 , 0.253 , 46 , 0
89.5 , 91.6 , 1.1 , 0.251 , 45 , 0
89.6 , 91.6 , 1.0 , 0.253 , 45 , 0
89.6 , 91.6 , 1.1 , 0.252 , 45 , 0
89.6 , 91.8 , 1.1 , 0.257 , 45 , 0
89.6 , 91.9 , 1.0 , 0.271 , 44 , 0
89.6 , 91.9 , 1.1 , 0.263 , 44 , 0
89.6 , 91.9 , 1.1 , 0.261 , 46 , 0
89.9 , 91.9 , 1.0 , 0.26 , 45 , 0
90.1 , 91.9 , 1.1 , 0.261 , 44 , 0
90.1 , 92.1 , 1.1 , 0.263 , 47 , 0
90.1 , 92.1 , 1.0 , 0.259 , 46 , 0
90.1 , 92.1 , 1.3 , 0.338 , 49 , 0
90.1 , 92.1 , 1.1 , 0.48 , 42 , 0
89.7 , 92.1 , 1.1 , 0.484 , 44 , 0
89.6 , 92.1 , 1.0 , 0.481 , 44 , 0
89.6 , 92.1 , 1.1 , 0.474 , 41 , 0
89.6 , 92.1 , 1.2 , 0.464 , 45 , 0
89.6 , 92.0 , 1.0 , 0.412 , 44 , 0
89.6 , 92.1 , 1.2 , 0.499 , 44 , 0
89.6 , 92.3 , 1.1 , 0.576 , 43 , 0
89.6 , 92.3 , 1.1 , 0.564 , 43 , 0
89.6 , 92.3 , 1.1 , 0.558 , 43 , 0
89.6 , 92.3 , 1.1 , 0.557 , 43 , 0
89.6 , 92.3 , 1.0 , 0.554 , 40 , 0
89.6 , 92.3 , 1.1 , 0.534 , 46 , 0
89.6 , 92.3 , 1.1 , 0.543 , 47 , 0
89.6 , 92.3 , 0.9 , 0.536 , 44 , 0
89.6 , 92.3 , 0.9 , 0.511 , 46 , 0
89.9 , 92.3 , 0.9 , 0.531 , 47 , 0
90.1 , 92.3 , 1.1 , 0.546 , 45 , 0
90.1 , 92.3 , 1.3 , 0.295 , 52 , 0
90.1 , 92.3 , 1.0 , 0.272 , 42 , 0
90.1 , 92.3 , 1.1 , 0.274 , 42 , 0
90.1 , 92.3 , 1.1 , 0.272 , 45 , 0
90.1 , 92.3 , 1.1 , 0.267 , 44 , 0
90.1 , 92.3 , 1.0 , 0.258 , 45 , 0
90.1 , 92.3 , 1.1 , 0.256 , 47 , 0
90.1 , 92.3 , 1.1 , 0.251 , 46 , 0
90.1 , 92.3 , 1.3 , 0.339 , 45 , 0
89.7 , 92.3 , 1.2 , 0.559 , 43 , 0
89.3 , 92.3 , 1.0 , 0.557 , 46 , 0
88.8 , 92.2 , 1.0 , 0.547 , 46 , 0
88.4 , 92.0 , 1.0 , 0.541 , 42 , 0
88.2 , 91.8 , 1.1 , 0.531 , 46 , 0
87.9 , 91.6 , 1.0 , 0.54 , 49 , 0
87.5 , 91.4 , 1.0 , 0.541 , 47 , 0
87.3 , 91.2 , 1.0 , 0.522 , 47 , 0
87.0 , 91.1 , 1.0 , 0.533 , 46 , 0
86.9 , 91.0 , 1.0 , 0.526 , 47 , 0
86.6 , 90.7 , 0.9 , 0.514 , 47 , 0
86.5 , 90.7 , 0.9 , 0.553 , 47 , 0
86.5 , 90.5 , 0.9 , 0.508 , 48 , 0
86.1 , 90.4 , 1.0 , 0.538 , 47 , 0
86.0 , 90.3 , 1.0 , 0.515 , 45 , 0
86.0 , 90.3 , 0.9 , 0.544 , 45 , 0
86.0 , 90.0 , 1.0 , 0.55 , 45 , 0
86.0 , 90.0 , 0.9 , 0.512 , 47 , 0
86.0 , 90.0 , 1.0 , 0.533 , 47 , 0
85.7 , 90.0 , 0.9 , 0.541 , 47 , 0
85.6 , 89.8 , 1.0 , 0.539 , 49 , 0
85.6 , 89.8 , 0.9 , 0.538 , 49 , 0
85.6 , 89.8 , 1.0 , 0.544 , 47 , 0
85.6 , 89.8 , 0.9 , 0.518 , 47 , 0
85.6 , 89.7 , 1.0 , 0.536 , 46 , 0
85.6 , 89.6 , 0.8 , 0.536 , 46 , 0
85.6 , 89.6 , 0.9 , 0.524 , 46 , 0
85.6 , 89.6 , 1.0 , 0.537 , 46 , 0
85.6 , 89.6 , 0.9 , 0.534 , 46 , 0
85.6 , 89.6 , 0.9 , 0.543 , 47 , 0
85.6 , 89.5 , 1.1 , 0.541 , 47 , 0
85.6 , 89.4 , 0.9 , 0.543 , 47 , 0
85.6 , 89.4 , 0.9 , 0.55 , 47 , 0
85.2 , 89.4 , 1.3 , 0.157 , 49 , 0
85.4 , 89.4 , 1.0 , 0.133 , 40 , 0
85.6 , 89.4 , 1.1 , 0.144 , 39 , 0
85.9 , 89.6 , 1.0 , 0.145 , 40 , 0
86.3 , 89.6 , 1.1 , 0.149 , 41 , 0
86.5 , 89.8 , 1.1 , 0.152 , 43 , 0
86.8 , 90.0 , 1.0 , 0.158 , 42 , 0
86.9 , 90.0 , 1.1 , 0.161 , 43 , 0
87.2 , 90.3 , 1.0 , 0.162 , 42 , 0
87.3 , 90.3 , 1.1 , 0.162 , 44 , 0
87.7 , 90.5 , 1.0 , 0.166 , 43 , 0
87.8 , 90.7 , 1.0 , 0.166 , 46 , 0
88.1 , 90.7 , 1.0 , 0.166 , 45 , 0
88.2 , 90.9 , 1.0 , 0.166 , 45 , 0
88.6 , 91.0 , 1.1 , 0.168 , 45 , 0
88.7 , 91.2 , 1.1 , 0.163 , 45 , 0
88.7 , 91.2 , 1.0 , 0.166 , 45 , 0
89.0 , 91.4 , 1.1 , 0.165 , 45 , 0
89.2 , 91.4 , 1.1 , 0.167 , 49 , 0
89.2 , 91.5 , 1.0 , 0.165 , 47 , 0
89.5 , 91.6 , 1.1 , 0.17 , 45 , 0
89.6 , 91.6 , 1.0 , 0.168 , 46 , 0
89.6 , 91.8 , 1.1 , 0.177 , 47 , 0
89.6 , 91.9 , 1.1 , 0.193 , 57 , 0
89.0 , 91.9 , 1.0 , 0.192 , 43 , 0
88.4 , 91.8 , 1.0 , 0.188 , 45 , 0
87.9 , 91.6 , 0.8 , 0.194 , 44 , 0
87.5 , 91.4 , 1.1 , 0.194 , 43 , 0
87.3 , 91.3 , 1.0 , 0.193 , 42 , 0
87.0 , 91.2 , 1.0 , 0.198 , 45 , 0
86.9 , 91.0 , 1.1 , 0.191 , 45 , 0
86.6 , 90.9 , 1.0 , 0.182 , 45 , 0
86.5 , 90.7 , 1.1 , 0.193 , 44 , 0
86.5 , 90.6 , 1.0 , 0.201 , 46 , 0
86.1 , 90.5 , 0.8 , 0.195 , 46 , 0
86.0 , 90.3 , 1.0 , 0.197 , 47 , 0
86.0 , 90.3 , 1.0 , 0.192 , 49 , 0
86.0 , 90.2 , 1.0 , 0.197 , 49 , 0
86.0 , 90.0 , 1.1 , 0.19 , 48 , 0
86.0 , 90.0 , 1.0 , 0.198 , 50 , 0
86.0 , 89.8 , 1.4 , 0.44 , 48 , 0
86.0 , 89.8 , 1.1 , 0.612 , 44 , 0
86.3 , 89.8 , 1.0 , 0.682 , 46 , 0
86.8 , 89.8 , 0.7 , 0.688 , 46 , 0
86.9 , 89.8 , 1.2 , 0.75 , 46 , 0
87.2 , 89.8 , 1.2 , 0.63 , 44 , 0
87.0 , 89.8 , 1.0 , 0.556 , 44 , 0
86.9 , 90.0 , 1.1 , 0.557 , 43 , 0
86.6 , 89.9 , 1.0 , 0.535 , 45 , 0
86.5 , 89.8 , 1.0 , 0.541 , 45 , 0
86.5 , 89.8 , 1.1 , 0.506 , 46 , 0
86.5 , 89.8 , 1.1 , 0.497 , 47 , 0
86.1 , 89.6 , 1.0 , 0.503 , 46 , 0
86.0 , 89.6 , 1.1 , 0.497 , 46 , 0
86.0 , 89.4 , 0.9 , 0.488 , 46 , 0
86.0 , 89.4 , 1.3 , 0.469 , 52 , 0
85.7 , 89.2 , 1.4 , 0.363 , 71 , 0
85.2 , 88.9 , 1.1 , 0.326 , 54 , 0
85.1 , 88.8 , 1.1 , 0.319 , 48 , 0
84.8 , 88.7 , 1.1 , 0.31 , 47 , 0
84.7 , 88.6 , 1.1 , 0.31 , 46 , 0
84.7 , 88.5 , 1.0 , 0.313 , 48 , 0
84.3 , 88.4 , 1.1 , 0.316 , 47 , 0
84.2 , 88.2 , 1.1 , 0.316 , 46 , 0
84.2 , 88.2 , 1.1 , 0.308 , 43 , 0
84.2 , 88.1 , 1.4 , 0.275 , 46 , 0
84.2 , 87.9 , 1.1 , 0.0653 , 45 , 0
83.9 , 87.8 , 1.0 , 0.0876 , 45 , 0
83.8 , 87.8 , 1.1 , 0.0919 , 44 , 0
83.8 , 87.6 , 1.1 , 0.0928 , 43 , 0
83.4 , 87.5 , 1.1 , 0.0897 , 42 , 0
83.3 , 87.4 , 1.0 , 0.0889 , 44 , 0
83.3 , 87.3 , 1.3 , 0.109 , 44 , 0
83.3 , 87.1 , 1.1 , 0.223 , 65 , 0
83.0 , 87.1 , 1.2 , 0.272 , 57 , 0
82.8 , 87.0 , 1.0 , 0.306 , 46 , 0
82.5 , 86.9 , 1.1 , 0.325 , 44 , 0
82.4 , 86.9 , 1.0 , 0.352 , 47 , 0
82.4 , 86.7 , 1.0 , 0.335 , 46 , 0
82.4 , 86.7 , 1.1 , 0.358 , 47 , 0
82.4 , 86.6 , 1.0 , 0.35 , 47 , 0
82.4 , 86.5 , 1.1 , 0.351 , 47 , 0
82.4 , 86.4 , 1.0 , 0.338 , 48 , 0
82.4 , 86.2 , 1.0 , 0.35 , 48 , 0
82.1 , 86.2 , 1.0 , 0.338 , 47 , 0
82.0 , 86.1 , 1.3 , 0.323 , 48 , 0
82.0 , 86.0 , 1.4 , 0.314 , 43 , 0
82.0 , 86.2 , 1.0 , 0.443 , 58 , 0
82.3 , 86.3 , 1.0 , 0.462 , 46 , 0
82.7 , 86.5 , 1.1 , 0.401 , 47 , 0
82.8 , 86.5 , 1.1 , 0.304 , 45 , 0
82.8 , 86.5 , 1.0 , 0.294 , 46 , 0
82.8 , 86.5 , 1.1 , 0.292 , 46 , 0
82.5 , 86.4 , 1.1 , 0.284 , 44 , 0
82.4 , 86.2 , 1.0 , 0.285 , 46 , 0
82.4 , 86.2 , 1.1 , 0.271 , 44 , 0
82.4 , 86.2 , 1.1 , 0.255 , 41 , 0
82.1 , 86.0 , 1.1 , 0.25 , 42 , 0
82.0 , 86.0 , 1.0 , 0.238 , 48 , 0
82.0 , 86.0 , 1.1 , 0.247 , 47 , 0
82.0 , 85.8 , 1.1 , 0.239 , 47 , 0
82.0 , 85.8 , 1.0 , 0.235 , 44 , 0
82.0 , 85.8 , 1.1 , 0.235 , 46 , 0
81.6 , 85.6 , 1.1 , 0.238 , 44 , 0
81.5 , 85.5 , 1.0 , 0.242 , 51 , 0
81.5 , 85.5 , 1.1 , 0.236 , 48 , 0
81.5 , 85.5 , 1.1 , 0.234 , 45 , 0
81.5 , 85.4 , 1.0 , 0.231 , 43 , 0
81.5 , 85.3 , 1.1 , 0.233 , 46 , 0
81.5 , 85.3 , 1.1 , 0.236 , 49 , 0
81.5 , 85.3 , 1.0 , 0.234 , 46 , 0
81.5 , 85.3 , 1.1 , 0.242 , 44 , 0
81.5 , 85.1 , 1.0 , 0.236 , 47 , 0
81.5 , 85.1 , 1.4 , 0.35 , 57 , 0
81.5 , 85.2 , 1.1 , 0.404 , 40 , 0
81.8 , 85.3 , 1.0 , 0.457 , 42 , 0
82.0 , 85.4 , 1.1 , 0.424 , 41 , 0
82.3 , 85.5 , 1.1 , 0.491 , 43 , 0
82.7 , 85.8 , 1.0 , 0.48 , 73 , 0
82.8 , 85.9 , 1.1 , 0.456 , -10 , 0
83.2 , 86.1 , 1.0 , 0.498 , 43 , 0
83.3 , 86.3 , 1.0 , 0.505 , 45 , 0
83.6 , 86.5 , 1.1 , 0.521 , 46 , 0
83.8 , 86.5 , 1.5 , 0.118 , 68 , 0
83.8 , 86.7 , 1.1 , 0.126 , 52 , 0
83.8 , 87.0 , 1.1 , 0.216 , 48 , 0
83.4 , 87.2 , 1.6 , 0.237 , 48 , 0
83.3 , 85.5 , 1.2 , 0.000463 , -10 , 0
-10 , -10 , 1.2 , -10 , -10 , 0
-10 , -10 , 1.2 , -10 , -10 , 0
-10 , -10 , 1.2 , -10 , -10 , 0
-10 , -10 , 1.2 , -10 , -10 , 0
-10 , -10 , 1.2 , -10 , -10 , 0
-10 , -10 , 1.2 , -10 , -10 , 0
-10 , -10 , 1.2 , -10 , -10 , 0
-10 , -10 , 1.2 , -10 , -10 , 0
-10 , -10 , 1.2 , -10 , -10 , 0
-10 , -10 , 1.2 , -10 , -10 , 0
-10 , -10 , 1.2 , -10 , -10 , 0
-10 , -10 , 1.2 , -10 , -10 , 0
-10 , -10 , 1.2 , -10 , -10 , 0
-10 , -10 , 1.2 , -10 , -10 , 0
-10 , -10 , 1.2 , -10 , -10 , 0
-10 , -10 , 1.2 , -10 , -10 , 0
-10 , -10 , 1.2 , -10 , -10 , 0
-10 , -10 , 1.2 , -10 , -10 , 0
-10 , -10 , 1.2 , -10 , -10 , 0
-10 , -10 , 1.2 , -10 , -10 , 0
-10 , -10 , 1.2 , -10 , -10 , 0
-10 , -10 , 1.2 , -10 , -10 , 0
-10 , -10 , 1.2 , -10 , -10 , 0
-10 , -10 , 1.2 , -10 , -10 , 0
-10 , -10 , 1.2 , -10 , -10 , 0
-10 , -10 , 1.2 , -10 , -10 , 0
-10 , -10 , 1.2 , -10 , -10 , 0
-10 , -10 , 1.2 , -10 , -10 , 0
-10 , -10 , 1.2 , -10 , -10 , 0
-10 , -10 , 1.2 , -10 , -10 , 0
-10 , -10 , 1.2 , -10 , -10 , 0
-10 , -10 , 1.2 , -10 , -10 , 0
-10 , -10 , 1.2 , -10 , -10 , 0
-10 , -10 , 1.2 , -10 , -10 , 0
-10 , -10 , 1.2 , -10 , -10 , 0
-10 , -10 , 1.2 , -10 , -10 , 0
-10 , -10 , 1.2 , -10 , -10 , 0
-10 , -10 , 1.2 , -10 , -10 , 0
-10 , -10 , 1.2 , -10 , -10 , 0
-10 , -10 , 1.2 , -10 , -10 , 0
-10 , -10 , 1.2 , -10 , -10 , 0
-10 , -10 , 1.2 , -10 , -10 , 0
-10 , -10 , 1.2 , -10 , -10 , 0
-10 , -10 , 1.2 , -10 , -10 , 0
-10 , -10 , 1.2 , -10 , -10 , 0
-10 , -10 , 1.2 , -10 , -10 , 0
-10 , -10 , 1.2 , -10 , -10 , 0
-10 , -10 , 1.2 , -10 , -10 , 0
-10 , -10 , 1.2 , -10 , -10 , 0
-10 , -10 , 1.2 , -10 , -10 , 0
-10 , -10 , 1.2 , -10 , -10 , 0
-10 , -10 , 1.2 , -10 , -10 , 0
-10 , -10 , 1.2 , -10 , -10 , 0
-10 , -10 , 1.2 , -10 , -10 , 0
-10 , -10 , 1.2 , -10 , -10 , 0
-10 , -10 , 1.2 , -10 , -10 , 0
-10 , -10 , 1.2 , -10 , -10 , 0
-10 , -10 , 1.2 , -10 , -10 , 0
-10 , -10 , 1.2 , -10 , -10 , 0
-10 , -10 , 1.2 , -10 , -10 , 0
-10 , -10 , 1.2 , -10 , -10 , 0
-10 , -10 , 1.2 , -10 , -10 , 0
-10 , -10 , 1.2 , -10 , -10 , 0
-10 , -10 , 1.2 , -10 , -10 , 0
-10 , -10 , 1.2 , -10 , -10 , 0
-10 , -10 , 1.2 , -10 , -10 , 0
-10 , -10 , 1.2 , -10 , -10 , 0
-10 , -10 , 1.2 , -10 , -10 , 0
-10 , -10 , 1.2 , -10 , -10 , 0
-10 , -10 , 1.2 , -10 , -10 , 0
-10 , -10 , 1.2 , -10 , -10 , 0
-10 , -10 , 1.2 , -10 , -10 , 0
-10 , -10 , 1.2 , -10 , -10 , 0
-10 , -10 , 1.2 , -10 , -10 , 0
-10 , -10 , 1.2 , -10 , -10 , 0
-10 , -10 , 1.2 , -10 , -10 , 0
-10 , -10 , 1.2 , -10 , -10 , 0
-10 , -10 , 1.2 , -10 , -10 , 0
-10 , -10 , 1.2 , -10 , -10 , 0
-10 , -10 , 1.2 , -10 , -10 , 0
-10 , -10 , 1.2 , -10 , -10 , 0
-10 , -10 , 1.2 , -10 , -10 , 0
-10 , -10 , 1.2 , -10 , -10 , 0
-10 , -10 , 1.2 , -10 , -10 , 0
-10 , -10 , 1.2 , -10 , -10 , 0
-10 , -10 , 1.2 , -10 , -10 , 0
-10 , -10 , 1.2 , -10 , -10 , 0
-10 , -10 , 1.2 , -10 , -10 , 0
-10 , -10 , 1.2 , -10 , -10 , 0
-10 , -10 , 1.2 , -10 , -10 , 0
-10 , -10 , 1.2 , -10 , -10 , 0
-10 , -10 , 1.2 , -10 , -10 , 0
-10 , -10 , 1.2 , -10 , -10 , 0
-10 , -10 , 1.2 , -10 , -10 , 0
-10 , -10 , 1.2 , -10 , -10 , 0
-10 , -10 , 1.2 , -10 , -10 , 0
-10 , -10 , 1.2 , -10 , -10 , 0
-10 , -10 , 1.2 , -10 , -10 , 0
-10 , -10 , 1.2 , -10 , -10 , 0
-10 , -10 , 1.2 , -10 , -10 , 0
-10 , -10 , 1.2 , -10 , -10 , 0
-10 , -10 , 1.2 , -10 , -10 , 0
-10 , -10 , 1.2 , -10 , -10 , 0
-10 , -10 , 1.2 , -10 , -10 , 0
-10 , -10 , 1.2 , -10 , -10 , 0
-10 , -10 , 1.2 , -10 , -10 , 0
-10 , -10 , 1.2 , -10 , -10 , 0
-10 , -10 , 1.2 , -10 , -10 , 0
-10 , -10 , 1.2 , -10 , -10 , 0
-10 , -10 , 1.2 , -10 , -10 , 0
-10 , -10 , 1.2 , -10 , -10 , 0
72.1 , 80.0 , 1.3 , 0.000488 , 59 , 0
72.6 , 82.0 , 1.6 , 0.000601 , 66 , 0
74.2 , 83.8 , 2.0 , 0.000691 , -10 , 0
75.8 , 85.2 , 3.9 , 0.000673 , 137 , 0
77.1 , 86.2 , 6.9 , 0.000673 , -10 , 40
78.3 , 86.7 , 4.7 , 0.000643 , -10 , 0
79.2 , 87.0 , 4.6 , 0.00068 , -10 , 0
80.1 , 87.3 , 3.1 , 0.00064 , -10 , 20
80.8 , 87.6 , 2.7 , 0.000647 , -10 , 17
81.2 , 87.7 , 2.7 , 0.000677 , -10 , 20
81.7 , 87.9 , 2.1 , 0.000649 , 85 , 0
82.1 , 88.0 , 2.1 , 0.000676 , 88 , 0
82.4 , 88.0 , 2.2 , 0.000636 , -10 , 0
83.0 , 88.1 , 2.2 , 0.000656 , -10 , 0
83.8 , 88.2 , 2.2 , 0.000558 , -10 , 0
83.4 , 88.2 , 2.4 , 0.00057 , -10 , 0
82.5 , 87.8 , 3.5 , 0.000657 , -10 , 0
81.2 , 87.4 , 6.6 , 0.000662 , -10 , 0
79.6 , 86.6 , 6.4 , 0.000703 , -10 , 0
78.6 , 86.0 , 6.4 , 0.000683 , -10 , 0
78.5 , 85.4 , 6.5 , 0.000686 , -10 , 0
78.4 , 84.7 , 6.0 , 0.000678 , -10 , 0
77.7 , 84.2 , 6.3 , 0.000759 , -10 , 0
79.0 , 84.0 , 5.4 , 0.000731 , 92 , 0
82.2 , 84.1 , 6.1 , 0.000999 , 91 , 0
83.2 , 84.5 , 5.9 , 0.00089 , -10 , 91
82.0 , 84.9 , 2.7 , 0.000797 , 80 , 25
81.7 , 85.4 , 1.8 , 0.00124 , 85 , 0
82.0 , 85.8 , 2.3 , 0.00187 , 86 , 0
82.0 , 86.3 , 2.0 , 0.00143 , 88 , 0
82.0 , 86.7 , 2.0 , 0.001 , 83 , 0
82.0 , 87.0 , 1.8 , 0.000738 , 74 , 0
82.0 , 87.3 , 1.9 , 0.000684 , 76 , 0
82.0 , 87.4 , 1.8 , 0.000712 , 77 , 0
82.0 , 87.4 , 2.0 , 0.000686 , 71 , 0
82.0 , 87.4 , 1.9 , 0.000623 , 73 , 0
82.0 , 87.5 , 1.7 , 0.000678 , 64 , 0
82.0 , 87.3 , 1.9 , 0.000648 , 69 , 0
82.0 , 87.6 , 1.7 , 0.000642 , 71 , 0
82.1 , 87.3 , 1.8 , 0.000648 , 71 , 0
82.4 , 87.5 , 2.2 , 0.000693 , 69 , 0
82.4 , 87.6 , 2.2 , 0.000658 , 73 , 0
82.4 , 87.6 , 2.0 , 0.000623 , -10 , 0
82.4 , 87.6 , 1.9 , 0.000603 , -10 , 0
82.6 , 87.6 , 2.0 , 0.000591 , -10 , 0
82.8 , 87.7 , 2.0 , 0.000614 , 82 , 0
82.8 , 87.6 , 2.0 , 0.000624 , 65 , 0
82.8 , 87.6 , 2.0 , 0.000623 , 68 , 0
82.8 , 87.7 , 1.8 , 0.000591 , 77 , 0
82.8 , 87.6 , 1.7 , 0.000607 , 72 , 0
82.8 , 87.8 , 2.3 , 0.000625 , -10 , 0
82.8 , 87.8 , 2.2 , 0.00061 , -10 , 0
82.8 , 87.9 , 2.1 , 0.000652 , -10 , 0
83.0 , 88.0 , 1.6 , 0.000613 , 67 , 0
83.3 , 87.8 , 1.9 , 0.000593 , 72 , 0
83.3 , 87.9 , 2.1 , 0.000642 , 76 , 0
83.3 , 87.8 , 4.7 , 0.000615 , -10 , 84
82.9 , 87.5 , 2.3 , 0.000612 , 63 , 16
81.8 , 87.4 , 1.7 , 0.000604 , 60 , 10
81.1 , 87.1 , 4.6 , 0.000622 , -10 , 71
80.7 , 86.6 , 2.1 , 0.000646 , 72 , 0
79.8 , 86.3 , 2.0 , 0.000642 , 73 , 0
78.9 , 85.9 , 1.7 , 0.000619 , -10 , 0
78.5 , 85.6 , 2.3 , 0.000656 , 70 , 0
79.2 , 85.2 , 2.9 , 0.000697 , -10 , 28
79.3 , 85.1 , 2.9 , 0.000672 , -10 , 0
78.2 , 84.7 , 2.8 , 0.00063 , -10 , 0
76.9 , 84.4 , 2.5 , 0.000646 , -10 , 0
76.7 , 83.9 , 5.2 , 0.000614 , -10 , 0
77.8 , 83.6 , 6.4 , 0.000698 , -10 , 0
78.5 , 83.5 , 6.3 , 0.00104 , -10 , 0
77.9 , 83.0 , 6.3 , 0.00161 , -10 , 0
76.6 , 82.5 , 6.4 , 0.00555 , -10 , 96
76.4 , 81.7 , 6.3 , 0.0806 , -10 , 66
76.1 , 81.5 , 2.6 , 0.182 , -10 , 7
76.3 , 81.8 , 1.6 , 0.416 , 74 , 0
76.7 , 82.3 , 1.7 , 0.56 , 72 , 0
77.2 , 83.0 , 1.7 , 0.777 , 79 , 0
77.6 , 83.7 , 1.7 , 0.763 , 75 , 0
78.1 , 84.1 , 1.8 , 1.26 , 71 , 0
78.7 , 84.3 , 1.6 , 1.47 , -10 , 0
79.4 , 84.4 , 1.8 , 1.24 , 73 , 0
79.7 , 84.6 , 1.9 , 1.16 , 68 , 0
79.9 , 84.8 , 1.7 , 1.13 , 69 , 0
80.2 , 85.2 , 1.6 , 0.827 , 68 , 0
80.3 , 85.3 , 1.4 , 0.317 , 67 , 0
80.6 , 85.3 , 1.6 , 0.131 , 67 , 0
80.8 , 85.5 , 1.6 , 0.371 , 69 , 0
81.2 , 85.6 , 1.8 , 0.472 , 72 , 0
81.5 , 86.0 , 1.8 , 0.604 , 69 , 0
81.7 , 86.6 , 1.7 , 0.405 , 71 , 0
82.1 , 86.7 , 1.4 , 0.266 , 77 , 0
82.4 , 86.8 , 1.7 , 0.221 , 68 , 0
82.4 , 87.0 , 1.7 , 0.248 , 71 , 0
82.4 , 87.2 , 1.7 , 0.201 , 77 , 0
82.6 , 87.2 , 1.6 , 0.166 , 71 , 0
82.8 , 87.2 , 1.7 , 0.0624 , 68 , 0
82.8 , 87.3 , 1.3 , 0.066 , 72 , 0
82.8 , 87.5 , 1.5 , 0.0693 , 74 , 0
82.8 , 87.5 , 1.5 , 0.052 , 68 , 0
83.2 , 87.5 , 1.8 , 0.0217 , 61 , 0
83.6 , 87.7 , 1.8 , 0.014 , 65 , 0
83.3 , 87.8 , 1.7 , 0.0143 , 71 , 0
83.3 , 88.0 , 1.4 , 0.0133 , 70 , 0
83.5 , 88.0 , 1.6 , 0.0116 , 70 , 0
83.8 , 88.0 , 1.1 , 0.00862 , 66 , 0
83.8 , 88.2 , 1.4 , 0.0111 , 64 , 0
83.8 , 88.3 , 1.7 , 0.00947 , 67 , 0
83.8 , 88.5 , 1.7 , 0.000962 , 71 , 0
83.9 , 88.7 , 1.7 , 0.00109 , 72 , 0
84.2 , 88.7 , 1.9 , 0.000823 , 58 , 0
84.2 , 88.8 , 2.0 , 0.000734 , 62 , 0
84.2 , 88.7 , 1.8 , 0.000759 , 66 , 0
84.2 , 88.8 , 1.7 , 0.00072 , 72 , 0
84.2 , 88.8 , 1.8 , 0.000775 , 68 , 0
84.2 , 88.9 , 1.8 , 0.00118 , 62 , 0
84.2 , 88.9 , 1.9 , 0.00108 , 65 , 0
84.2 , 88.7 , 1.6 , 0.000829 , 60 , 0
84.2 , 88.9 , 1.7 , 0.000717 , 51 , 0
84.4 , 89.1 , 1.8 , 0.000665 , 61 , 0
84.7 , 89.1 , 1.7 , 0.000684 , 70 , 0
84.7 , 89.1 , 1.5 , 0.00069 , 65 , 0
84.7 , 89.1 , 1.3 , 0.000656 , 59 , 0
84.7 , 89.3 , 1.4 , 0.000663 , 65 , 0
84.7 , 89.1 , 1.4 , 0.00067 , 57 , 0
84.8 , 88.9 , 1.1 , 0.000665 , 54 , 0
85.1 , 89.1 , 1.2 , 0.000636 , 60 , 0
85.1 , 89.2 , 1.3 , 0.000644 , 55 , 0
84.9 , 89.4 , 2.4 , 0.00102 , 58 , 10
84.5 , 89.3 , 5.0 , 0.000924 , -10 , 99
84.0 , 89.1 , 2.3 , 0.000903 , -10 , 16
83.6 , 88.8 , 1.7 , 0.000793 , 88 , 0
83.1 , 88.5 , 1.7 , 0.000704 , 71 , 0
82.8 , 88.5 , 1.1 , 0.000733 , 44 , 0
82.8 , 88.3 , 1.0 , 0.000617 , 46 , 0
82.8 , 88.2 , 1.1 , 0.000643 , 46 , 0
82.7 , 88.0 , 1.1 , 0.000685 , 46 , 0
82.4 , 87.9 , 1.2 , 0.000666 , 47 , 0
82.4 , 87.8 , 1.0 , 0.00068 , 49 , 0
82.4 , 87.7 , 1.1 , 0.000706 , 53 , 0
82.4 , 87.6 , 1.0 , 0.00071 , 58 , 0
82.2 , 87.4 , 1.1 , 0.000725 , 48 , 0
82.0 , 87.3 , 1.0 , 0.000676 , 49 , 0
82.0 , 87.1 , 1.1 , 0.000675 , 49 , 0
82.0 , 87.0 , 1.0 , 0.000665 , 49 , 0
82.0 , 86.9 , 1.1 , 0.00068 , 49 , 0
81.8 , 86.7 , 1.0 , 0.000665 , 50 , 0
81.5 , 86.7 , 1.1 , 0.000675 , 50 , 0
81.5 , 86.5 , 1.1 , 0.00067 , 51 , 0
81.5 , 86.5 , 1.1 , 0.000683 , 48 , 0
81.5 , 86.3 , 1.0 , 0.000659 , 57 , 0
81.3 , 86.2 , 1.1 , 0.000649 , 50 , 0
81.2 , 86.2 , 2.0 , 0.000696 , 50 , 0
81.5 , 86.0 , 2.4 , 0.0007 , -10 , 12
81.3 , 85.9 , 2.0 , 0.000708 , -10 , 0
81.1 , 85.9 , 2.5 , 0.000721 , -10 , 13
80.9 , 85.8 , 3.5 , 0.000696 , -10 , 39
80.4 , 85.5 , 2.1 , 0.000689 , -10 , 0
80.3 , 85.5 , 1.9 , 0.000598 , 63 , 0
80.6 , 85.4 , 1.9 , 0.000615 , 60 , 0
80.8 , 85.5 , 1.5 , 0.000655 , 57 , 0
81.2 , 85.5 , 1.8 , 0.000616 , 58 , 0
81.5 , 85.6 , 1.5 , 0.000589 , 55 , 0
81.7 , 85.8 , 1.6 , 0.000624 , 61 , 0
82.0 , 85.9 , 1.5 , 0.000581 , 61 , 0
82.0 , 85.8 , 1.5 , 0.000638 , 58 , 0
82.1 , 86.0 , 1.8 , 0.000597 , 62 , 0
82.4 , 86.0 , 1.7 , 0.000594 , 55 , 0
82.4 , 86.2 , 1.7 , 0.00057 , 63 , 0
82.4 , 86.2 , 1.7 , 0.000557 , 69 , 0
82.4 , 86.2 , 1.9 , 0.000608 , 66 , 0
82.6 , 86.2 , 2.0 , 0.000665 , 64 , 0
82.8 , 86.2 , 1.8 , 0.000625 , -10 , 0
82.8 , 86.3 , 1.8 , 0.000596 , 58 , 0
82.8 , 86.4 , 1.5 , 0.000593 , -10 , 0
82.8 , 86.5 , 1.8 , 0.000547 , 66 , 0
82.8 , 86.4 , 1.7 , 0.000599 , 60 , 0
82.8 , 86.4 , 1.3 , 0.000584 , 58 , 0
82.8 , 86.5 , 1.7 , 0.000618 , 67 , 0
83.0 , 86.5 , 1.9 , 0.000582 , -10 , 0
83.1 , 86.5 , 1.8 , 0.000586 , 61 , 0
82.8 , 86.5 , 2.0 , 0.000619 , 68 , 0
83.0 , 86.5 , 1.9 , 0.000597 , 62 , 0
83.1 , 86.5 , 2.2 , 0.00067 , -10 , 0
82.8 , 86.5 , 2.1 , 0.000638 , -10 , 0
82.8 , 86.5 , 1.9 , 0.0006 , 56 , 0
82.8 , 86.5 , 1.8 , 0.00062 , 58 , 0
83.0 , 86.5 , 1.8 , 0.000598 , 64 , 0
83.3 , 86.5 , 1.8 , 0.000585 , 68 , 0
83.3 , 86.5 , 2.1 , 0.000631 , -10 , 0
83.1 , 86.5 , 2.0 , 0.000631 , -10 , 0
83.0 , 86.5 , 1.6 , 0.000587 , -10 , 0
83.3 , 86.5 , 1.8 , 0.000643 , -10 , 0
83.3 , 86.5 , 1.8 , 0.000617 , 84 , 0
83.3 , 86.5 , 2.0 , 0.000631 , -10 , 0
83.3 , 86.7 , 1.8 , 0.000579 , -10 , 0
83.5 , 86.7 , 1.7 , 0.000561 , 71 , 0
83.8 , 86.5 , 2.0 , 0.000655 , -10 , 0
83.8 , 86.7 , 1.9 , 0.000617 , -10 , 0
83.8 , 86.7 , 1.9 , 0.00062 , -10 , 0
83.9 , 86.9 , 2.1 , 0.000608 , -10 , 0
84.0 , 86.9 , 2.0 , 0.000652 , 52 , 0
83.8 , 87.0 , 1.9 , 0.000591 , 62 , 0
83.8 , 87.1 , 2.0 , 0.000613 , -10 , 0
83.9 , 87.0 , 2.0 , 0.000582 , -10 , 0
84.0 , 86.9 , 1.9 , 0.00059 , 64 , 0
83.9 , 87.0 , 1.5 , 0.000574 , 58 , 0
84.4 , 87.1 , 1.5 , 0.000579 , 59 , 0
84.5 , 87.2 , 1.8 , 0.000567 , 57 , 0
84.2 , 87.1 , 1.9 , 0.000597 , -10 , 0
84.2 , 87.1 , 1.9 , 0.000585 , -10 , 0
84.2 , 87.1 , 1.7 , 0.000598 , 68 , 0
84.2 , 87.1 , 2.0 , 0.00062 , 62 , 0
84.2 , 87.2 , 2.0 , 0.000641 , 59 , 0
84.0 , 87.4 , 1.8 , 0.000585 , 60 , 0
83.8 , 87.4 , 2.0 , 0.000581 , 55 , 0
83.8 , 87.2 , 2.1 , 0.000624 , 59 , 0
83.8 , 86.9 , 2.1 , 0.00066 , -10 , 0
83.6 , 86.6 , 1.6 , 0.000652 , 52 , 0
83.3 , 86.4 , 1.9 , 0.000693 , 61 , 0
83.3 , 86.2 , 1.9 , 0.000652 , 70 , 0
83.3 , 86.4 , 2.0 , 0.000654 , -10 , 0
83.3 , 86.2 , 1.8 , 0.000641 , 53 , 0
83.3 , 86.5 , 2.2 , 0.000655 , 64 , 0
83.3 , 86.5 , 1.9 , 0.000599 , 64 , 0
83.3 , 86.4 , 2.0 , 0.000644 , -10 , 0
83.1 , 86.2 , 1.5 , 0.000627 , 61 , 0
82.8 , 86.0 , 1.8 , 0.000612 , 68 , 0
82.8 , 86.0 , 1.9 , 0.000601 , 57 , 0
83.0 , 86.0 , 2.0 , 0.000625 , -10 , 0
83.3 , 86.0 , 2.0 , 0.000674 , -10 , 0
83.1 , 86.0 , 2.1 , 0.000625 , -10 , 0
82.8 , 86.2 , 1.6 , 0.000628 , 58 , 0
83.0 , 86.2 , 2.1 , 0.000609 , -10 , 0
83.3 , 86.2 , 2.3 , 0.000586 , -10 , 0
83.1 , 86.2 , 2.3 , 0.000684 , -10 , 0
83.0 , 86.2 , 2.1 , 0.000684 , -10 , 0
83.5 , 86.1 , 2.0 , 0.000691 , -10 , 0
83.8 , 86.0 , 2.0 , 0.000685 , -10 , 0
83.6 , 86.2 , 2.3 , 0.000673 , -10 , 0
83.1 , 86.2 , 3.5 , 0.000681 , -10 , 47
82.5 , 86.2 , 2.1 , 0.00065 , -10 , 0
81.6 , 86.0 , 2.2 , 0.00066 , -10 , 0
80.5 , 85.5 , 2.8 , 0.000681 , -10 , 27
79.5 , 84.9 , 2.0 , 0.000689 , -10 , 0
78.9 , 84.6 , 1.9 , 0.000672 , 68 , 0
78.0 , 84.3 , 1.8 , 0.000646 , 75 , 0
77.1 , 83.7 , 1.8 , 0.000686 , 88 , 0
76.4 , 83.2 , 1.9 , 0.000684 , 85 , 0
75.9 , 82.9 , 1.8 , 0.000679 , 71 , 0
75.5 , 82.7 , 2.0 , 0.000672 , 50 , 0
75.4 , 82.1 , 1.9 , 0.000643 , -10 , 0
75.5 , 82.0 , 2.0 , 0.000647 , -10 , 0
75.6 , 81.8 , 2.0 , 0.000633 , 80 , 0
75.9 , 81.4 , 3.5 , 0.000686 , -10 , 53
75.5 , 81.4 , 5.0 , 0.000567 , -10 , 96
75.2 , 80.9 , 2.5 , 0.00064 , 54 , 21
75.4 , 80.6 , 1.8 , 0.000652 , 59 , 0
75.8 , 80.9 , 1.6 , 0.000683 , -10 , 0
76.3 , 81.4 , 1.6 , 0.00062 , 50 , 0
76.7 , 81.3 , 1.8 , 0.000606 , 51 , 0
77.2 , 81.3 , 1.8 , 0.000628 , 52 , 0
77.6 , 81.3 , 1.8 , 0.000646 , 52 , 0
78.1 , 81.3 , 1.9 , 0.000668 , 84 , 0
78.3 , 81.7 , 1.7 , 0.000677 , 53 , 0
78.5 , 82.0 , 1.3 , 0.000735 , 53 , 0
78.8 , 82.2 , 1.5 , 0.000668 , 53 , 0
79.0 , 82.4 , 1.8 , 0.000664 , 54 , 0
79.2 , 82.2 , 1.6 , 0.0007 , 63 , 0
79.2 , 82.3 , 1.9 , 0.000662 , 68 , 0
79.2 , 82.5 , 1.6 , 0.00067 , 59 , 0
79.4 , 82.8 , 1.6 , 0.000639 , 62 , 0
79.7 , 82.7 , 1.5 , 0.000663 , 58 , 0
79.7 , 82.6 , 1.4 , 0.000661 , 62 , 0
79.9 , 82.6 , 1.5 , 0.000649 , 60 , 0
80.2 , 82.8 , 1.4 , 0.000644 , 58 , 0
80.2 , 83.0 , 1.8 , 0.000627 , 59 , 0
80.2 , 83.0 , 1.7 , 0.000613 , 63 , 0
80.2 , 83.1 , 1.5 , 0.000591 , 59 , 0
80.2 , 82.9 , 2.0 , 0.000666 , -10 , 0
80.2 , 82.9 , 1.6 , 0.000617 , -10 , 0
80.2 , 82.9 , 1.7 , 0.000695 , -10 , 0
80.2 , 83.0 , 1.7 , 0.000635 , 63 , 0
80.2 , 83.1 , 1.5 , 0.000601 , 57 , 0
80.2 , 83.1 , 1.7 , 0.000654 , 60 , 0
80.2 , 83.2 , 1.9 , 0.000631 , 66 , 0
80.2 , 83.3 , 1.7 , 0.000598 , 63 , 0
80.3 , 83.2 , 1.5 , 0.000595 , 59 , 0
80.6 , 83.1 , 1.4 , 0.000585 , 61 , 0
80.6 , 83.3 , 1.6 , 0.000585 , 59 , 0
80.8 , 83.3 , 1.6 , 0.000608 , 67 , 0
81.1 , 83.3 , 1.9 , 0.000626 , 58 , 0
81.1 , 83.2 , 2.6 , 0.000678 , -10 , 17
80.9 , 83.5 , 1.7 , 0.000629 , 49 , 0
80.6 , 83.5 , 1.7 , 0.000622 , 54 , 0
80.6 , 83.5 , 1.8 , 0.00061 , 57 , 0
80.4 , 83.5 , 1.9 , 0.000615 , 64 , 0
80.2 , 83.5 , 1.9 , 0.000606 , 66 , 0
80.2 , 83.6 , 1.6 , 0.000592 , 64 , 0
80.2 , 83.7 , 1.6 , 0.000608 , 59 , 0
80.3 , 83.5 , 1.8 , 0.000593 , -10 , 0
80.6 , 83.5 , 2.2 , 0.000627 , -10 , 0
80.6 , 83.5 , 1.7 , 0.000634 , 57 , 0
80.6 , 83.8 , 1.4 , 0.000638 , 57 , 0
80.6 , 83.8 , 1.9 , 0.000622 , 64 , 0
80.6 , 83.8 , 2.0 , 0.000601 , 55 , 0
80.4 , 83.8 , 1.7 , 0.000641 , 56 , 0
80.2 , 83.9 , 1.8 , 0.00064 , 59 , 0
80.2 , 83.9 , 1.9 , 0.000616 , 71 , 0
80.2 , 83.8 , 1.8 , 0.000617 , 68 , 0
80.2 , 83.8 , 1.6 , 0.00062 , 68 , 0
80.3 , 84.0 , 1.3 , 0.000605 , 54 , 0
80.6 , 84.0 , 1.7 , 0.000615 , 56 , 0
80.6 , 83.8 , 1.6 , 0.000645 , 55 , 0
80.6 , 83.8 , 1.8 , 0.000645 , 62 , 0
80.6 , 83.9 , 1.6 , 0.000641 , 65 , 0
80.6 , 83.8 , 1.6 , 0.000616 , 56 , 0
80.6 , 83.5 , 1.4 , 0.000602 , 58 , 0
80.6 , 83.5 , 1.3 , 0.000591 , 54 , 0
80.6 , 83.5 , 1.5 , 0.000596 , 51 , 0
80.6 , 83.7 , 1.7 , 0.00059 , 54 , 0
80.6 , 83.8 , 1.5 , 0.000585 , 54 , 0
80.6 , 83.7 , 1.6 , 0.000583 , 52 , 0
80.6 , 83.6 , 1.8 , 0.00059 , 57 , 0
80.6 , 83.8 , 1.4 , 0.000572 , 58 , 0
80.6 , 83.5 , 1.6 , 0.000597 , 59 , 0
80.6 , 83.5 , 1.3 , 0.000594 , 56 , 0
80.6 , 83.3 , 1.7 , 0.000638 , 57 , 0
80.6 , 83.3 , 1.7 , 0.000646 , 57 , 0
80.6 , 83.1 , 1.7 , 0.000642 , 54 , 0
80.4 , 83.1 , 1.6 , 0.000671 , -10 , 0
80.2 , 83.3 , 1.4 , 0.000585 , 69 , 0
80.2 , 83.3 , 1.3 , 0.000588 , 56 , 0
80.2 , 83.1 , 1.8 , 0.000593 , 57 , 0
80.2 , 83.1 , 1.8 , 0.000613 , -10 , 0
80.2 , 83.0 , 1.8 , 0.000644 , 84 , 0
80.2 , 82.9 , 1.7 , 0.000656 , 59 , 0
80.2 , 82.9 , 1.4 , 0.000621 , 58 , 0
80.2 , 82.9 , 1.4 , 0.000603 , 60 , 0
80.0 , 83.1 , 2.1 , 0.000635 , 73 , 13
79.7 , 83.1 , 1.7 , 0.000593 , 54 , 0
79.7 , 83.1 , 1.7 , 0.00062 , 58 , 0
79.7 , 83.1 , 1.7 , 0.000648 , 69 , 0
79.7 , 83.1 , 1.4 , 0.000596 , 59 , 0
79.7 , 83.1 , 1.8 , 0.000582 , 56 , 0
79.7 , 83.2 , 1.7 , 0.000625 , 60 , 0
79.7 , 83.2 , 1.8 , 0.000639 , 60 , 0
79.7 , 83.1 , 1.7 , 0.00061 , 58 , 0
79.7 , 83.1 , 1.9 , 0.000623 , 52 , 0
79.7 , 83.1 , 2.3 , 0.000651 , -10 , 0
79.7 , 83.0 , 2.4 , 0.000645 , -10 , 0
79.3 , 83.0 , 3.6 , 0.000669 , -10 , 36
78.0 , 82.5 , 5.5 , 0.000692 , -10 , 71
76.1 , 81.5 , 2.4 , 0.00063 , -10 , 0
73.2 , 78.7 , 3.0 , 0.000518 , -10 , 0
70.0 , 77.8 , 2.5 , 0.00051 , -10 , 0
68.1 , 77.4 , 4.9 , 0.000516 , -10 , 0
67.9 , 76.7 , 6.2 , 0.000516 , -10 , 69
69.0 , 76.6 , 5.8 , 0.000508 , -10 , 50
70.4 , 76.8 , 3.7 , 0.00052 , -10 , 52
71.5 , 77.2 , 2.5 , 0.000536 , -10 , 0
72.4 , 77.5 , 2.4 , 0.000507 , -10 , 0
73.3 , 77.9 , 2.2 , 0.000551 , -10 , 0
74.0 , 78.2 , 5.3 , 0.000506 , -10 , 105
74.5 , 78.3 , 5.2 , 0.000564 , -10 , 102
75.1 , 79.0 , 1.8 , 0.000657 , 61 , 1
75.8 , 79.5 , 1.9 , 0.000682 , 62 , 0
76.3 , 79.9 , 2.3 , 0.000614 , -10 , 0
76.6 , 79.9 , 3.6 , 0.000606 , -10 , 45
76.4 , 79.8 , 4.5 , 0.000606 , -10 , 76
76.1 , 79.6 , 2.8 , 0.000626 , -10 , 25
75.9 , 79.8 , 2.1 , 0.000654 , -10 , 0
75.7 , 80.1 , 2.2 , 0.000593 , -10 , 0
75.7 , 80.2 , 2.2 , 0.000656 , -10 , 0
75.7 , 80.8 , 2.6 , 0.000613 , -10 , 9
75.8 , 80.9 , 2.1 , 0.000659 , -10 , 0
76.1 , 80.6 , 2.4 , 0.00062 , -10 , 0
75.9 , 80.2 , 2.4 , 0.000623 , -10 , 13
75.7 , 79.8 , 2.7 , 0.000598 , -10 , 32
75.5 , 79.7 , 3.8 , 0.000614 , -10 , 52
75.0 , 79.5 , 1.9 , 0.000583 , -10 , 0
74.8 , 79.5 , 1.9 , 0.000644 , -10 , 0
74.8 , 79.4 , 2.0 , 0.000659 , -10 , 0
74.8 , 79.8 , 2.0 , 0.000679 , 56 , 0
74.8 , 79.6 , 2.0 , 0.000644 , -10 , 0
74.8 , 80.4 , 2.1 , 0.000687 , 65 , 0
74.9 , 80.7 , 1.9 , 0.000699 , 64 , 0
75.2 , 80.8 , 2.3 , 0.000703 , -10 , 0
75.2 , 80.3 , 2.2 , 0.000695 , -10 , 0
75.2 , 80.1 , 1.9 , 0.000658 , -10 , 0
75.2 , 80.6 , 2.1 , 0.000666 , 75 , 0
75.4 , 80.8 , 2.2 , 0.000696 , -10 , 0
75.7 , 80.9 , 2.0 , 0.000687 , -10 , 0
75.7 , 80.3 , 3.2 , 0.00072 , -10 , 39
75.5 , 79.9 , 3.1 , 0.000693 , -10 , 32
75.2 , 79.7 , 1.8 , 0.000706 , 64 , 0
75.2 , 80.0 , 1.7 , 0.000697 , 63 , 0
75.2 , 80.5 , 1.7 , 0.0007 , 62 , 0
75.2 , 80.8 , 2.0 , 0.000714 , 68 , 14
75.2 , 80.8 , 3.0 , 0.000714 , -10 , 30
75.4 , 80.7 , 2.2 , 0.000718 , -10 , 0
75.7 , 81.1 , 2.6 , 0.000695 , -10 , 20
75.8 , 81.1 , 2.3 , 0.000689 , -10 , 0
76.1 , 81.7 , 2.7 , 0.000714 , -10 , 27
76.1 , 81.7 , 2.4 , 0.000731 , -10 , 0
76.3 , 82.2 , 2.9 , 0.000699 , -10 , 31
76.6 , 82.6 , 4.0 , 0.000712 , -10 , 38
76.7 , 82.8 , 2.7 , 0.000741 , -10 , 11
77.2 , 83.0 , 2.2 , 0.000719 , -10 , 0
77.5 , 83.4 , 2.6 , 0.00078 , -10 , 8
77.5 , 83.6 , 2.2 , 0.000775 , -10 , 0
77.5 , 83.8 , 2.1 , 0.000802 , -10 , 0
77.6 , 84.2 , 2.1 , 0.000753 , 73 , 0
77.9 , 84.0 , 2.3 , 0.00065 , -10 , 6
77.9 , 84.0 , 2.1 , 0.000674 , 89 , 5
77.9 , 84.4 , 2.4 , 0.000706 , -10 , 13
77.9 , 84.3 , 2.3 , 0.000696 , -10 , 0
78.1 , 84.6 , 2.7 , 0.000699 , 120 , 18
78.2 , 84.7 , 2.1 , 0.000645 , 75 , 0
77.9 , 84.8 , 2.4 , 0.000681 , -10 , 15
78.1 , 85.0 , 2.2 , 0.000652 , -10 , 0
78.3 , 85.0 , 2.3 , 0.00113 , -10 , 12
78.5 , 85.1 , 3.0 , 0.00117 , -10 , 37
79.2 , 85.3 , 2.2 , 0.000922 , -10 , 0
79.7 , 85.4 , 2.0 , 0.0013 , -10 , 0
79.7 , 85.5 , 2.0 , 0.00228 , 58 , 0
79.7 , 85.3 , 2.2 , 0.0064 , 58 , 0
79.5 , 85.1 , 3.3 , 0.0127 , -10 , 49
79.4 , 85.1 , 2.0 , 0.00789 , -10 , 0
79.7 , 85.3 , 7.9 , 0.00291 , -10 , 109
79.5 , 85.2 , 10.1 , 0.00116 , -10 , 145
79.2 , 85.2 , 10.3 , 0.000795 , -10 , 143
79.2 , 85.2 , 10.4 , 0.000666 , -10 , 150
79.2 , 85.0 , 10.6 , 0.000639 , -10 , 148
79.1 , 84.8 , 10.8 , 0.000877 , -10 , 147
78.8 , 84.4 , 8.7 , 0.0107 , -10 , 144
78.8 , 84.2 , 10.3 , 0.971 , -10 , 148
78.8 , 83.9 , 10.2 , 3.21 , -10 , 150
78.6 , 83.8 , 10.8 , 9.07 , -10 , 149
78.3 , 83.8 , 11.1 , 17.2 , -10 , 148
78.3 , 83.9 , 10.7 , 20.4 , -10 , 153
78.3 , 83.9 , 10.6 , 25.1 , -10 , 148
78.3 , 84.2 , 11.1 , 30.0 , -10 , 146
78.3 , 84.5 , 11.0 , 30.6 , -10 , 150
78.3 , 84.8 , 10.8 , 31.2 , -10 , 149
78.3 , 84.9 , 11.4 , 31.2 , -10 , 147
78.3 , 85.0 , 10.9 , 29.7 , -10 , 147
78.3 , 85.1 , 6.6 , 30.2 , -10 , 81
78.5 , 85.5 , 7.2 , 30.0 , -10 , 88
78.8 , 85.4 , 11.7 , 28.8 , -10 , 153
78.6 , 85.3 , 11.6 , 30.6 , -10 , 150
78.3 , 85.3 , 11.4 , 29.6 , -10 , 148
78.3 , 85.2 , 11.9 , 28.5 , -10 , 156
78.3 , 85.3 , 12.4 , 29.2 , -10 , 156
78.3 , 85.6 , 11.8 , 30.5 , -10 , 148
78.3 , 85.9 , 10.4 , 29.4 , -10 , 142
78.3 , 85.9 , 6.4 , 31.1 , -10 , 113
78.5 , 86.2 , 6.3 , 31.3 , -10 , 112
78.8 , 86.3 , 4.4 , 31.5 , -10 , 70
79.0 , 86.3 , 4.9 , 31.4 , -10 , 95
79.4 , 86.2 , 2.6 , 31.1 , -10 , 0
79.5 , 86.1 , 2.1 , 31.5 , 99 , 0
79.6 , 86.3 , 2.2 , 29.6 , -10 , 0
80.5 , 86.3 , 1.5 , 29.8 , 97 , 0
81.2 , 87.0 , 2.4 , 29.8 , -10 , 0
81.5 , 86.9 , 2.5 , 22.6 , -10 , 6
81.5 , 86.0 , 3.1 , 8.15 , -10 , 24
81.3 , 85.6 , 3.5 , 3.67 , -10 , 54
81.1 , 85.9 , 1.6 , 4.2 , 99 , 0
81.1 , 86.1 , 1.7 , 6.16 , 96 , 0
80.7 , 86.0 , 2.8 , 7.59 , -10 , 29
79.4 , 85.5 , 2.5 , 5.31 , -10 , 10
76.8 , 84.1 , 2.6 , 2.13 , -10 , 0
73.4 , 83.2 , 2.6 , 1.02 , -10 , 0
70.8 , 81.7 , 2.7 , 0.269 , -10 , 0
69.2 , 80.5 , 5.6 , 0.309 , -10 , 0
68.1 , 79.8 , 6.3 , 0.174 , -10 , 0
67.7 , 79.2 , 6.4 , 0.0523 , -10 , 0
68.6 , 78.6 , 5.8 , 0.0442 , -10 , 0
70.1 , 78.6 , 4.2 , 0.131 , -10 , 0
71.7 , 78.8 , 1.7 , 0.156 , 80 , 0
72.9 , 79.0 , 1.6 , 0.114 , 83 , 0
73.8 , 79.6 , 1.8 , 0.166 , 60 , 0
74.7 , 80.0 , 2.0 , 0.0415 , -10 , 0
75.6 , 80.3 , 1.6 , 0.0341 , 69 , 0
76.3 , 80.8 , 1.7 , 0.0292 , 84 , 0
76.9 , 81.4 , 1.7 , 0.0266 , 65 , 0
77.6 , 81.7 , 1.8 , 0.03 , 52 , 0
78.1 , 82.1 , 1.9 , 0.023 , -10 , 0
78.5 , 82.5 , 2.0 , 0.0267 , -10 , 0
79.2 , 82.9 , 1.9 , 0.0234 , 71 , 0
79.7 , 83.3 , 1.9 , 0.0159 , 69 , 0
79.9 , 83.6 , 1.9 , 0.012 , -10 , 0
80.3 , 83.8 , 1.9 , 0.0164 , -10 , 0
80.8 , 84.1 , 1.8 , 0.0104 , -10 , 0
81.1 , 84.7 , 2.0 , 0.0041 , -10 , 0
81.2 , 84.9 , 1.6 , 0.00243 , 72 , 0
81.5 , 85.1 , 2.0 , 0.00209 , -10 , 0
81.7 , 85.5 , 1.8 , 0.00273 , -10 , 0
82.1 , 85.8 , 2.0 , 0.00334 , -10 , 0
82.4 , 86.0 , 1.8 , 0.00366 , 51 , 0
82.6 , 86.5 , 2.0 , 0.00685 , -10 , 0
82.8 , 86.9 , 1.8 , 0.00758 , -10 , 0
82.8 , 87.0 , 1.7 , 0.00931 , -10 , 0
83.0 , 86.9 , 1.4 , 0.00686 , 81 , 0
83.5 , 87.0 , 1.7 , 0.0126 , 75 , 0
83.8 , 87.5 , 1.9 , 0.0145 , 82 , 0
83.8 , 87.5 , 1.9 , 0.0198 , 84 , 0
83.8 , 87.8 , 1.9 , 0.0601 , 88 , 0
83.8 , 88.0 , 1.9 , 0.0788 , 87 , 0
83.9 , 88.2 , 1.8 , 0.0332 , -10 , 0
84.2 , 88.2 , 1.6 , 0.0342 , 83 , 0
84.2 , 88.5 , 1.5 , 0.0375 , 76 , 0
84.4 , 88.4 , 1.4 , 0.039 , 76 , 0
84.7 , 88.2 , 1.7 , 0.0307 , 77 , 0
84.7 , 88.0 , 1.6 , 0.00444 , 74 , 0
84.7 , 88.2 , 1.6 , 0.00268 , 74 , 0
84.7 , 88.5 , 1.4 , 0.00109 , 79 , 0
84.7 , 88.6 , 1.6 , 0.00382 , 82 , 0
84.7 , 88.7 , 2.1 , 0.00413 , 81 , 0
84.1 , 88.7 , 2.4 , 0.00666 , -10 , 0
81.6 , 88.1 , 2.4 , 0.00424 , -10 , 0
77.4 , 86.2 , 2.7 , 0.00231 , -10 , 0
73.1 , 83.0 , 2.8 , 0.00138 , -10 , 0
69.4 , 81.3 , 6.5 , 0.000881 , -10 , 0
67.2 , 80.0 , 6.5 , 0.000713 , -10 , 26
67.0 , 78.9 , 6.2 , 0.000623 , -10 , 2
67.9 , 78.5 , 6.2 , 0.000663 , -10 , 0
69.0 , 78.3 , 4.1 , 0.000671 , -10 , 0
70.2 , 78.4 , 2.0 , 0.000641 , -10 , 0
71.1 , 78.8 , 2.2 , 0.000713 , -10 , 0
72.0 , 79.3 , 2.2 , 0.00065 , -10 , 0
